TICKER,CP,EMA8,HH,HL,LH,LL,HC,HV,RSI,SMA5,SMA21,SMA50,SMA200,VOL,AVGVOL,%CHG,ATR,SECTOR,INDUSTRY,IPO,COUNTRY,CATEGORY,%ATR
AAPL,154.5,146.82,True,False,False,False,True,True,74.27,147.61,138.8,138.89,147.8,149.92,95.16,2.44,4.02,Technology,Computer Manufacturing,1980.0,United States,mega,2.6
ABBV,145.2,146.67,False,False,False,False,False,True,30.81,146.01,151.54,157.82,149.24,6.52,5.66,0.25,2.97,Health_Care,Other Pharmaceuticals,2012.0,United States,mega,2.05
AMZN,103.39,103.41,False,False,False,False,False,False,58.38,105.03,96.9,92.32,111.95,141.62,103.49,-8.43,4.44,Consumer_Discretionary,Catalog/Specialty Distribution,1997.0,United States,mega,4.29
AVGO,597.62,593.44,False,False,False,False,False,False,60.11,594.52,582.69,561.45,526.24,1.79,2.19,-1.35,14.52,Technology,Semiconductors,2009.0,United States,mega,2.43
BAC,36.43,35.64,True,True,False,False,True,False,68.43,35.85,34.75,34.28,34.32,37.25,36.34,0.83,0.84,Finance,Major Banks,0.0,United States,mega,2.31
BRK-B,308.51,310.26,False,False,True,False,False,True,46.98,309.96,312.49,310.65,296.92,5.24,4.06,-1.07,4.84,N-A,N-A,0.0,United States,mega,1.57
COST,514.8,508.75,False,False,False,False,False,False,64.66,514.11,490.89,486.83,498.51,1.7,1.97,-1.65,9.44,Consumer_Discretionary,Department/Specialty Retail Stores,0.0,United States,mega,1.83
CVX,169.45,173.72,False,False,False,False,False,False,40.01,171.61,176.97,176.43,165.24,8.11,11.21,0.26,4.35,Energy,Integrated oil Companies,0.0,United States,mega,2.57
GEN,21.3,22.62,False,False,False,False,False,True,39.44,22.79,22.33,22.35,22.93,7.97,4.65,-9.63,0.63,Technology,Computer Software: Prepackaged Software,0.0,United States,mega,2.96
GOOG,105.22,102.04,False,False,False,False,False,False,63.7,102.65,96.06,94.6,105.37,35.66,31.07,-3.29,3.37,Technology,Internet and Information Services,2004.0,United States,mega,3.2
GOOGL,104.78,101.07,False,False,False,False,False,False,65.02,101.75,95.07,93.95,104.78,65.23,45.55,-2.75,3.33,Technology,Internet and Information Services,2004.0,United States,mega,3.18
HD,331.5,326.26,False,False,False,False,False,False,58.02,327.56,321.78,321.7,300.6,3.39,3.48,-2.44,8.36,Consumer_Discretionary,RETAIL: Building Materials,0.0,United States,mega,2.52
JNJ,164.61,165.89,True,True,False,False,False,False,33.48,164.1,170.3,174.43,172.65,6.84,12.34,-0.56,3.13,Health_Care,Biotechnology: Pharmaceutical Preparations,0.0,United States,mega,1.9
JPM,141.09,139.58,False,False,False,False,False,False,60.78,139.74,138.69,135.59,123.07,11.48,9.61,1.55,2.88,Finance,Major Banks,0.0,United States,mega,2.04
KO,59.83,60.58,False,False,True,True,False,False,37.7,60.68,61.08,62.41,61.77,15.38,14.97,-0.75,1.11,Consumer_Staples,Beverages (Production/Distribution),0.0,United States,mega,1.86
LLY,339.08,341.28,False,False,False,False,False,False,40.6,339.4,349.43,358.66,328.36,5.67,5.35,2.53,12.85,Health_Care,Biotechnology: Pharmaceutical Preparations,0.0,United States,mega,3.79
MA,373.91,374.1,False,False,False,False,False,False,56.98,372.93,373.32,359.33,337.85,2.74,2.86,-0.27,8.52,Consumer_Discretionary,Business Services,2006.0,United States,mega,2.28
META,186.53,162.95,False,True,False,False,False,False,83.3,164.89,143.87,128.44,151.81,76.09,68.02,-1.19,7.83,Technology,Internet and Information Services,2012.0,United States,mega,4.2
MRK,102.94,105.8,False,False,True,False,False,False,31.59,105.38,109.05,109.58,95.68,11.21,10.39,-0.5,2.73,Health_Care,Biotechnology: Pharmaceutical Preparations,0.0,United States,mega,2.65
MSFT,258.35,251.82,False,False,False,False,False,False,62.26,253.24,240.6,243.14,254.16,27.15,30.15,-2.36,6.74,Technology,Computer Software: Prepackaged Software,1986.0,United States,mega,2.61
NVDA,211.0,202.43,False,True,False,False,False,False,67.95,204.9,181.03,169.38,161.62,42.11,52.65,-2.81,9.62,Technology,Semiconductors,1999.0,United States,mega,4.56
ORCL,89.62,89.07,False,False,False,False,False,False,61.84,88.97,88.09,84.15,75.3,5.46,6.47,0.27,1.76,Technology,Computer Software: Prepackaged Software,1986.0,United States,mega,1.96
PEP,169.12,170.42,False,False,False,True,False,False,35.32,170.23,173.07,178.64,173.18,5.3,4.99,-0.5,2.77,Consumer_Staples,Beverages (Production/Distribution),0.0,United States,mega,1.64
PFE,44.06,44.33,False,True,False,False,False,False,32.53,44.02,45.89,48.89,48.61,23.71,31.52,-0.63,1.01,Health_Care,Biotechnology: Pharmaceutical Preparations,0.0,United States,mega,2.29
PG,142.61,142.53,False,False,False,True,False,False,40.46,142.27,145.69,148.41,143.56,5.99,7.08,0.31,2.46,Consumer_Discretionary,Package Goods/Cosmetics,0.0,United States,mega,1.72
TMO,587.76,581.56,False,False,True,False,False,False,57.82,579.36,576.58,561.99,547.62,1.28,1.85,0.12,15.33,Industrials,Biotechnology: Laboratory Analytical Instruments,0.0,United States,mega,2.61
TSLA,189.98,173.36,True,True,False,False,True,True,72.06,179.91,143.9,151.01,229.09,229.18,217.62,0.91,10.97,Consumer_Discretionary,Auto Manufacturing,2010.0,United States,mega,5.77
UNH,472.02,484.03,False,False,True,False,False,False,34.81,484.97,487.63,513.27,515.27,5.42,5.84,0.25,15.21,Health_Care,Medical Specialities,0.0,United States,mega,3.22
V,230.13,228.6,False,False,False,False,False,False,67.69,229.98,223.98,215.81,205.26,5.24,7.04,0.25,5.48,Consumer_Discretionary,Business Services,0.0,United States,mega,2.38
WMT,141.71,142.96,False,False,True,False,False,False,44.7,143.2,143.34,145.67,137.02,5.71,5.19,-1.33,3.23,Consumer_Discretionary,Department/Specialty Retail Stores,0.0,United States,mega,2.28
XOM,111.92,113.36,False,False,True,False,False,False,49.84,113.48,112.61,109.93,98.69,20.08,22.13,0.69,3.69,Energy,Oil & Gas Production,0.0,United States,mega,3.3
A,154.55,154.68,False,False,False,False,False,False,51.88,153.86,154.48,153.23,134.08,0.91,1.51,-0.61,3.66,Industrials,Electrical Products,1999.0,United States,large,2.37
AAL,17.02,16.59,False,True,False,False,False,False,66.98,16.57,16.09,14.54,14.64,22.04,24.79,-0.23,0.64,Consumer_Discretionary,Air Freight/Delivery Services,0.0,United States,large,3.76
ABC,156.73,161.54,False,False,True,True,False,False,35.52,162.1,163.53,165.97,152.31,1.46,1.95,-1.1,3.2,Health_Care,Other Pharmaceuticals,0.0,United States,large,2.04
ABT,111.79,111.51,False,False,False,False,False,False,53.74,111.24,111.97,109.48,107.61,3.75,4.69,-0.41,1.95,Health_Care,Medical/Dental Instruments,0.0,United States,large,1.74
ACGL,61.26,62.98,False,False,True,True,False,False,40.19,63.03,63.41,61.91,50.82,1.8,1.67,-0.15,1.18,Finance,Property-Casualty Insurers,0.0,Bermuda,large,1.93
ACN,289.22,283.35,False,False,False,False,False,False,59.01,284.06,278.25,280.0,284.76,2.17,2.05,-1.66,7.22,Consumer_Discretionary,Business Services,2001.0,Ireland,large,2.5
ADBE,379.33,374.27,False,False,False,False,False,False,63.06,377.85,355.65,343.96,362.21,2.69,3.06,-3.29,11.26,Technology,Computer Software: Prepackaged Software,1986.0,United States,large,2.97
ADI,178.82,174.18,True,True,False,False,False,False,66.65,175.02,169.23,167.86,158.4,3.87,3.59,-0.27,3.92,Technology,Semiconductors,0.0,United States,large,2.19
ADM,82.28,83.31,False,False,False,False,False,False,33.96,82.61,84.98,89.85,86.68,2.63,4.61,-0.04,1.88,N-A,N-A,0.0,United States,large,2.28
ADP,225.31,227.57,False,False,False,False,False,False,38.82,225.84,233.99,245.05,233.71,2.33,2.73,-1.61,5.48,Consumer_Discretionary,Business Services,0.0,United States,large,2.43
ADSK,223.66,216.98,False,False,False,False,False,False,66.23,219.67,204.49,198.59,198.58,1.2,1.42,-2.0,6.96,Technology,Computer Software: Prepackaged Software,0.0,United States,large,3.11
AEE,85.3,86.65,False,False,False,False,False,False,39.66,86.62,87.58,88.13,88.69,2.25,2.36,-1.65,1.61,Utilities,Power Generation,0.0,United States,large,1.89
AEP,92.11,93.41,False,False,False,False,False,False,41.69,93.63,94.16,95.08,95.74,2.58,2.92,-2.58,1.86,Utilities,Electric Utilities: Central,0.0,United States,large,2.02
AES,26.24,26.76,False,False,True,False,False,False,40.93,26.68,27.0,27.86,24.45,3.58,4.78,-1.06,0.7,Utilities,Electric Utilities: Central,0.0,United States,large,2.67
AFL,69.39,71.43,False,False,True,False,False,False,39.05,71.62,72.04,71.52,62.6,3.33,3.71,0.71,1.54,Finance,Accident &Health Insurance,0.0,United States,large,2.22
AIG,58.75,61.26,False,False,True,True,False,False,30.17,61.08,62.84,62.62,56.61,6.28,6.01,-0.47,1.26,Finance,Life Insurance,0.0,United States,large,2.14
AJG,193.49,194.92,False,False,True,False,False,False,49.44,195.09,194.25,193.3,178.68,0.84,1.05,-0.61,3.78,Finance,Specialty Insurers,0.0,United States,large,1.95
AKAM,89.33,88.99,False,False,False,False,False,False,55.36,89.3,87.96,88.1,91.78,0.78,1.04,-2.14,1.62,Consumer_Discretionary,Business Services,1999.0,United States,large,1.81
ALB,287.23,279.22,True,False,False,False,False,False,69.17,283.34,255.18,251.36,250.65,1.17,1.28,-1.01,9.6,Industrials,Industrial Specialties,0.0,United States,large,3.34
ALGN,343.1,298.45,False,True,False,False,False,False,80.8,304.21,256.74,223.19,244.48,1.66,2.08,-4.66,15.04,Health_Care,Industrial Specialties,2001.0,United States,large,4.38
ALL,131.33,129.78,True,False,False,False,False,False,49.84,129.57,132.38,132.73,128.42,1.76,2.03,-0.42,3.53,Finance,Property-Casualty Insurers,0.0,United States,large,2.69
AMAT,119.98,116.5,False,False,False,False,False,False,62.24,116.59,111.14,106.93,100.57,6.15,8.23,-3.44,4.28,Technology,Semiconductors,1972.0,United States,large,3.57
AMCR,12.03,12.01,False,False,False,False,False,False,51.02,12.03,12.0,12.1,12.12,8.15,10.49,-1.39,0.22,Industrials,Containers/Packaging,2019.0,N-A,large,1.83
AMD,86.09,80.45,False,True,False,False,False,False,69.78,81.33,73.13,70.9,79.34,66.4,87.3,-2.51,3.75,Technology,Semiconductors,0.0,United States,large,4.36
AME,146.38,144.51,True,True,False,False,False,False,59.42,144.66,143.45,141.69,126.41,1.28,1.37,1.29,2.85,Consumer_Discretionary,Metal Fabrications,0.0,United States,large,1.95
AMGN,245.17,250.82,False,False,False,False,False,False,24.34,248.42,261.36,268.79,253.05,2.73,3.8,-0.55,5.62,Health_Care,Biotechnology: Pharmaceutical Preparations,1983.0,United States,large,2.29
AMP,354.1,347.53,False,False,True,True,False,False,66.55,349.98,335.74,326.03,284.1,0.55,0.58,1.84,7.59,Finance,Investment Managers,0.0,United States,large,2.14
AMT,222.06,223.06,False,False,False,False,False,False,51.55,223.61,222.64,218.3,235.49,2.49,2.05,-2.34,6.15,Real_Estate,Real Estate Investment Trusts,0.0,United States,large,2.77
ANET,131.96,127.6,False,False,False,False,False,False,64.86,129.16,119.85,124.4,115.53,2.0,2.79,-1.11,4.2,Technology,Computer peripheral equipment,2014.0,N-A,large,3.18
ANSS,275.23,269.96,False,False,False,False,False,False,64.17,272.01,257.45,249.86,248.52,0.36,0.43,-2.57,7.67,Technology,Computer Software: Prepackaged Software,1996.0,United States,large,2.79
AON,313.64,318.96,False,False,False,False,False,True,48.76,318.45,316.74,309.14,288.07,1.56,1.2,-2.9,6.37,Finance,Specialty Insurers,0.0,United States,large,2.03
APA,42.04,43.52,False,True,False,False,False,False,39.65,43.26,44.1,44.77,41.22,5.46,5.31,-0.76,1.65,Energy,Oil & Gas Production,0.0,United States,large,3.92
APD,285.02,304.86,False,False,True,True,False,False,32.09,306.61,308.68,311.12,263.86,2.88,2.0,-3.55,7.89,Industrials,Specialty Chemicals,0.0,United States,large,2.77
APH,81.62,80.38,False,False,False,False,False,True,61.03,80.58,79.45,78.77,73.38,2.91,2.32,-0.57,1.79,Technology,Electrical Products,0.0,United States,large,2.19
APTV,115.73,112.56,False,True,False,False,False,False,70.94,114.42,105.39,100.78,97.62,1.93,2.26,-2.49,3.8,Consumer_Discretionary,Auto Parts:O.E.M.,2011.0,United Kingdom,large,3.28
ARE,167.79,163.14,False,True,False,False,False,False,67.14,164.0,156.43,152.03,153.12,0.7,0.87,-1.77,4.02,Real_Estate,Real Estate Investment Trusts,0.0,United States,large,2.4
ATO,117.19,117.03,False,False,False,False,False,False,56.17,117.76,114.84,115.64,112.77,1.1,1.06,-1.97,2.38,Utilities,Oil/Gas Transmission,0.0,United States,large,2.03
ATVI,75.24,76.02,False,False,False,False,False,True,46.14,76.32,75.97,75.91,76.52,5.78,4.68,-2.43,1.18,Consumer_Discretionary,Recreational Games/Products/Toys,0.0,United States,large,1.57
AVB,180.25,177.63,False,False,False,False,False,False,62.5,178.7,171.14,168.83,190.0,0.9,1.01,-2.3,4.12,Real_Estate,Real Estate Investment Trusts,0.0,United States,large,2.29
AVY,181.2,187.19,False,False,True,True,False,False,42.16,187.3,189.04,186.6,178.49,0.59,0.66,-3.9,4.85,Miscellaneous,Office Equipment/Supplies/Services,0.0,United States,large,2.68
AWK,156.61,157.03,False,False,False,False,False,False,52.08,157.46,156.43,154.71,148.82,1.32,1.0,-2.48,3.52,Utilities,Water Supply,2008.0,United States,large,2.25
AXP,178.86,170.34,True,False,False,False,False,False,75.97,174.64,158.75,154.52,153.49,5.28,6.26,3.31,4.96,Finance,Finance: Consumer Services,0.0,United States,large,2.77
AZO,2398.51,2417.07,False,False,False,True,False,False,48.81,2441.03,2395.65,2436.02,2244.47,0.16,0.18,-1.84,52.83,N-A,N-A,0.0,United States,large,2.2
BA,206.01,210.14,False,False,True,True,False,False,51.43,210.55,210.27,195.17,159.51,5.38,6.32,-1.59,5.63,Industrials,Aerospace,0.0,United States,large,2.73
BALL,58.97,58.51,False,False,False,False,False,False,60.79,58.8,57.12,54.88,60.76,2.39,2.92,-3.15,1.84,Industrials,Containers/Packaging,0.0,United States,large,3.12
BAX,46.68,46.14,False,True,False,False,False,False,47.84,46.16,45.82,49.57,59.36,4.52,6.1,-0.7,1.16,Health_Care,Medical/Dental Instruments,0.0,United States,large,2.49
BBWI,46.85,46.24,False,False,False,False,False,False,58.83,46.38,45.8,43.55,38.81,1.56,2.57,-0.36,1.56,Miscellaneous,Diversified Commercial Services,0.0,United States,large,3.33
BBY,90.32,88.14,False,False,False,False,False,False,67.74,89.3,85.14,83.3,76.88,1.39,2.45,-1.2,2.36,Consumer_Discretionary,Consumer Electronics/Video Chains,0.0,United States,large,2.61
BDX,245.84,249.8,False,False,False,False,False,False,42.05,250.17,252.4,250.6,245.73,2.12,1.7,-1.06,5.35,Health_Care,Medical/Dental Instruments,0.0,United States,large,2.18
BEN,33.27,31.92,False,True,False,False,False,True,74.59,32.31,30.23,28.19,25.83,6.15,8.6,-1.63,0.98,Finance,Investment Managers,0.0,United States,large,2.95
BIIB,283.63,287.91,False,False,False,True,False,False,46.7,287.92,285.95,287.26,240.31,0.79,0.8,-1.35,6.4,Health_Care,Biotechnology: Pharmaceutical Preparations,0.0,United States,large,2.26
BIO,470.88,469.96,False,False,False,False,False,False,59.57,471.3,456.35,431.34,466.11,0.09,0.14,-2.0,14.99,Industrials,Biotechnology: Laboratory Analytical Instruments,1980.0,United States,large,3.18
BK,50.23,50.13,False,False,True,True,False,False,64.61,50.31,49.27,46.78,43.72,6.89,6.36,0.12,0.97,Finance,Investment Managers,0.0,United States,large,1.93
BKNG,2455.07,2430.09,False,False,False,False,True,False,75.41,2445.32,2340.17,2145.59,1992.2,0.29,0.34,0.02,54.49,Consumer_Discretionary,Other Consumer Services,0.0,United States,large,2.22
BKR,31.37,31.37,False,False,True,False,False,True,55.81,31.5,30.96,29.66,28.52,8.95,6.73,-0.06,1.01,Energy,Oilfield Services/Equipment,0.0,United States,large,3.22
BLK,757.16,758.09,False,False,False,False,False,True,56.73,759.52,749.96,727.91,663.7,1.2,0.81,-1.76,18.47,Finance,Investment Bankers/Brokers/Service,1999.0,United States,large,2.44
BMY,74.45,72.88,False,False,False,False,True,False,56.22,72.63,72.54,74.83,74.35,9.89,10.38,2.31,1.5,Health_Care,Biotechnology: Pharmaceutical Preparations,0.0,United States,large,2.01
BR,153.58,151.28,False,False,False,False,False,False,67.49,152.12,146.12,143.02,148.99,0.71,0.79,0.19,3.38,Consumer_Discretionary,Business Services,0.0,United States,large,2.2
BRO,58.39,58.62,False,False,True,False,False,False,47.49,58.29,59.53,58.41,60.08,1.21,1.6,-0.46,1.33,Finance,Specialty Insurers,0.0,United States,large,2.28
BSX,48.5,47.12,True,True,False,False,True,False,69.21,47.23,46.25,45.97,41.74,12.71,11.76,0.89,0.85,Health_Care,Medical/Dental Instruments,0.0,United States,large,1.75
BWA,47.61,46.86,False,False,False,False,False,False,72.59,47.51,44.87,42.69,38.37,2.02,1.93,-1.24,0.96,Consumer_Discretionary,Auto Parts:O.E.M.,0.0,United States,large,2.02
BXP,75.48,74.26,False,False,False,False,False,False,60.58,74.99,71.09,69.48,84.47,1.64,2.36,-3.69,2.38,Real_Estate,Real Estate Investment Trusts,1997.0,United States,large,3.15
C,50.95,51.6,False,False,False,False,False,False,58.39,51.86,50.3,47.71,48.3,19.9,22.06,-2.43,1.21,Finance,Major Banks,0.0,United States,large,2.37
CAG,36.45,36.9,False,False,False,True,False,False,35.55,36.76,38.38,38.24,35.29,4.4,5.21,0.52,0.73,Consumer_Staples,Packaged Foods,0.0,United States,large,2.0
CAH,78.67,76.94,True,False,False,False,True,False,56.98,77.03,76.7,78.03,67.03,3.49,4.55,3.13,1.88,Health_Care,Other Pharmaceuticals,0.0,United States,large,2.39
CARR,46.89,45.47,False,False,False,False,False,False,66.81,45.85,44.23,43.44,40.02,3.37,4.11,-0.51,1.18,Consumer_Discretionary,Wholesale Distributors,2020.0,N-A,large,2.52
CAT,247.76,251.89,False,False,False,False,False,False,48.41,251.2,252.69,242.71,208.06,4.12,6.14,1.17,6.39,Industrials,Construction/Ag Equipment/Trucks,0.0,United States,large,2.58
CB,209.84,218.34,False,False,True,False,False,False,34.75,217.4,223.34,219.93,203.04,2.58,2.93,-0.16,5.97,Finance,Property-Casualty Insurers,0.0,Switzerland,large,2.85
CBOE,124.26,122.77,False,False,False,True,False,True,53.41,122.73,122.88,124.39,119.36,1.36,0.81,2.85,2.64,Finance,Investment Bankers/Brokers/Service,2010.0,N-A,large,2.12
CBRE,87.14,85.74,False,True,False,False,False,False,63.32,86.01,84.11,80.03,77.94,1.08,1.36,-1.58,2.16,Finance,Real Estate,0.0,United States,large,2.48
CCI,145.97,147.79,False,False,False,False,False,False,51.02,148.1,147.23,142.07,159.01,2.61,2.35,-4.31,4.13,Real_Estate,Real Estate Investment Trusts,0.0,United States,large,2.83
CCL,11.8,11.25,False,True,False,False,False,False,68.27,11.33,10.5,9.53,10.39,34.62,41.81,-1.99,0.53,N-A,N-A,1987.0,United States,large,4.49
CDAY,76.2,74.1,False,False,False,False,False,False,65.16,74.56,69.28,66.73,59.77,0.95,1.21,-2.3,2.72,Technology,EDP Services,2018.0,United States,large,3.57
CDNS,185.85,184.57,False,False,False,False,False,False,64.69,185.51,175.93,169.2,162.76,1.16,1.52,-1.78,4.87,Technology,Computer Software: Prepackaged Software,0.0,United States,large,2.62
CDW,201.08,198.04,True,False,False,False,False,False,64.91,198.48,193.88,188.27,174.02,0.73,0.86,-0.49,3.85,Consumer_Discretionary,Catalog/Specialty Distribution,2013.0,United States,large,1.91
CE,125.45,123.66,False,True,False,False,False,False,67.56,124.47,120.56,110.97,115.95,0.71,0.95,-1.04,3.22,Industrials,Major Chemicals,2005.0,United States,large,2.57
CEG,83.2,84.41,False,False,False,False,False,False,44.86,84.34,83.87,87.61,76.51,1.74,2.46,-2.5,2.35,Utilities,Power Generation,0.0,United States,large,2.82
CF,85.93,84.93,False,True,False,False,False,False,47.64,84.73,84.9,91.75,96.72,2.39,2.55,1.06,2.63,Industrials,Agricultural Chemicals,2005.0,United States,large,3.06
CFG,44.44,43.44,True,True,False,False,False,False,67.78,43.63,42.11,40.84,38.67,2.91,3.31,-0.04,0.99,Finance,Major Banks,2014.0,United States,large,2.23
CHD,82.9,81.4,False,False,False,False,False,False,54.8,81.11,81.87,81.31,84.33,2.21,1.95,3.87,2.07,Consumer_Discretionary,Package Goods/Cosmetics,0.0,United States,large,2.5
CHRW,103.62,100.59,False,False,False,False,False,False,68.04,101.38,96.2,95.51,101.62,1.93,3.84,-0.73,3.21,Consumer_Discretionary,Oil Refining/Marketing,1997.0,United States,large,3.1
CHTR,406.3,399.53,False,True,False,False,False,False,61.66,398.5,388.71,370.35,409.66,0.83,1.34,-1.44,11.51,Consumer_Discretionary,Telecommunications Equipment,0.0,United States,large,2.83
CI,292.59,306.0,False,False,True,True,False,True,31.99,306.89,308.4,319.96,289.93,2.84,1.88,-2.96,7.28,Health_Care,Medical Specialities,0.0,United States,large,2.49
CINF,115.11,111.77,True,True,False,False,False,False,67.45,113.9,108.25,106.94,108.97,0.68,0.94,-0.26,2.82,Finance,Property-Casualty Insurers,0.0,United States,large,2.45
CL,74.29,74.42,False,False,False,True,False,False,43.13,74.08,76.06,77.25,76.96,3.86,5.54,0.76,1.58,Consumer_Discretionary,Package Goods/Cosmetics,0.0,United States,large,2.13
CLX,154.77,145.23,False,False,False,False,False,True,65.96,145.4,143.31,145.24,142.94,5.11,2.28,9.77,4.08,Consumer_Discretionary,Specialty Chemicals,0.0,United States,large,2.64
CMCSA,39.97,39.92,False,True,False,False,False,False,60.0,39.93,39.06,36.88,37.28,20.24,20.9,-2.77,0.95,Consumer_Discretionary,Telecommunications Equipment,0.0,United States,large,2.38
CME,176.55,175.84,True,False,False,False,True,True,55.57,176.14,175.3,174.53,189.47,2.97,2.28,0.31,2.98,Finance,Investment Bankers/Brokers/Service,2002.0,United States,large,1.69
CMG,1692.97,1640.94,True,True,False,False,True,False,73.35,1658.29,1551.02,1513.74,1480.46,0.3,0.29,0.2,41.86,Consumer_Discretionary,Restaurants,2006.0,United States,large,2.47
CMI,256.11,251.09,True,True,False,False,False,False,63.55,251.98,246.69,244.78,221.46,0.91,0.84,-0.16,5.57,Industrials,Construction/Ag Equipment/Trucks,0.0,United States,large,2.17
CMS,62.75,62.98,False,False,False,True,False,False,49.39,63.21,63.13,62.63,64.51,2.22,2.83,-1.52,1.33,Utilities,Power Generation,0.0,United States,large,2.12
CNC,71.01,74.14,False,False,True,True,False,False,28.76,73.93,76.01,80.33,83.68,5.0,5.59,-2.15,2.01,Health_Care,Medical Specialities,0.0,United States,large,2.83
CNP,29.2,29.83,False,False,False,True,False,False,37.28,29.81,30.21,30.39,30.23,5.22,4.69,-1.95,0.62,Utilities,Electric Utilities: Central,0.0,United States,large,2.12
COF,121.44,116.88,False,True,False,False,False,False,70.9,118.72,107.49,100.25,107.21,3.16,4.88,-0.31,4.8,Finance,Finance Companies,1994.0,United States,large,3.95
COO,354.49,351.74,False,False,False,False,False,False,59.76,352.68,346.83,332.39,315.85,0.26,0.32,-2.22,8.04,Health_Care,Ophthalmic Goods,0.0,United States,large,2.27
COP,108.11,116.19,False,False,True,True,False,True,34.08,115.9,118.93,117.91,109.75,13.5,8.55,-2.87,3.96,Energy,Integrated oil Companies,0.0,United States,large,3.66
CPB,50.88,51.39,False,False,False,True,False,False,35.4,51.35,53.11,54.47,50.23,2.32,2.42,0.99,1.06,Consumer_Staples,Packaged Foods,0.0,United States,large,2.08
CPRT,68.64,67.56,False,False,False,False,False,False,67.16,68.16,64.57,63.63,59.27,1.82,2.0,-1.59,1.54,Consumer_Discretionary,Other Specialty Stores,1994.0,United States,large,2.24
CPT,121.74,121.81,False,False,False,False,False,False,57.76,122.96,117.87,115.96,128.14,1.3,1.05,-3.62,2.9,Real_Estate,Real Estate Investment Trusts,1993.0,United States,large,2.38
CRL,250.35,247.81,False,False,False,False,False,False,58.57,248.3,239.62,228.68,223.62,0.41,0.43,-3.68,8.95,Consumer_Discretionary,EDP Services,2000.0,United States,large,3.57
CRM,171.04,166.87,False,False,False,False,False,False,72.12,170.04,154.94,144.64,160.67,6.46,8.11,-2.06,5.38,Technology,Computer Software: Prepackaged Software,2004.0,United States,large,3.15
CSCO,48.63,48.53,False,True,False,False,False,False,54.44,48.68,48.16,48.26,45.71,17.97,18.32,-1.4,0.86,Telecommunications,Computer Communications Equipment,1990.0,United States,large,1.77
CSGP,76.58,78.22,False,False,False,False,False,False,43.93,78.28,78.31,78.9,70.76,2.36,2.47,-4.29,1.93,Finance,Real Estate,1998.0,United States,large,2.52
CSX,32.27,31.58,False,True,False,False,False,False,56.32,31.46,31.71,31.65,31.07,9.58,14.01,-1.13,0.84,Industrials,Railroads,0.0,United States,large,2.6
CTAS,442.42,442.01,False,False,True,False,False,False,49.5,442.67,441.18,448.79,413.2,0.34,0.39,-0.54,9.19,Consumer_Discretionary,Business Services,1983.0,United States,large,2.08
CTRA,24.26,24.77,False,False,False,False,False,False,42.87,24.64,24.94,25.31,28.42,6.87,6.85,-1.9,0.72,Energy,Oil & Gas Production,0.0,United States,large,2.97
CTSH,68.22,67.11,False,False,False,False,False,True,65.53,67.95,63.83,60.65,65.21,7.37,6.13,-3.45,2.1,Technology,EDP Services,1998.0,United States,large,3.08
CTVA,61.5,62.74,False,False,True,False,False,False,46.08,62.99,62.31,62.26,60.14,4.62,4.92,-0.81,1.45,Industrials,Major Chemicals,2019.0,N-A,large,2.36
CVS,85.77,86.94,False,False,False,False,False,False,32.47,86.94,88.3,93.99,96.33,7.16,8.51,-0.48,1.59,Health_Care,Managed Health Care,0.0,United States,large,1.85
CZR,54.99,52.59,True,False,False,False,True,True,67.99,52.97,48.97,47.93,46.49,4.66,3.64,2.31,2.31,Consumer_Discretionary,Hotels/Resorts,0.0,United States,large,4.2
D,60.25,62.11,False,False,False,True,False,True,38.89,62.34,62.3,61.09,73.16,7.88,6.32,-2.82,1.22,Utilities,Electric Utilities: Central,0.0,United States,large,2.02
DAL,39.58,39.29,False,False,False,False,False,False,64.38,39.37,38.49,35.84,34.42,8.26,9.25,-0.8,1.1,Consumer_Discretionary,Air Freight/Delivery Services,0.0,United States,large,2.78
DD,72.98,73.73,False,False,True,False,False,False,51.57,73.65,73.77,71.25,62.68,2.78,2.91,-2.09,1.54,Consumer_Discretionary,Wholesale Distributors,2017.0,N-A,large,2.11
DE,406.06,415.5,False,False,True,False,False,False,38.93,416.61,421.98,429.77,375.0,2.28,1.72,-0.12,10.49,Industrials,Industrial Machinery/Components,0.0,United States,large,2.58
DFS,119.0,115.7,True,False,False,False,True,False,69.04,116.79,109.57,105.2,103.02,2.39,2.85,0.89,3.61,Finance,Finance: Consumer Services,0.0,United States,large,3.03
DG,228.09,232.55,False,False,True,True,False,True,38.33,232.3,234.83,242.1,241.85,2.0,1.96,-1.39,5.6,Consumer_Discretionary,Department/Specialty Retail Stores,2009.0,United States,large,2.46
DGX,142.81,145.89,False,False,False,True,False,False,36.59,146.23,147.97,150.11,138.57,1.29,1.54,-1.83,3.26,Health_Care,Medical Specialities,0.0,United States,large,2.28
DHI,99.47,98.59,False,False,False,False,False,False,61.06,99.17,95.82,90.79,77.18,2.61,3.06,-3.37,2.92,N-A,N-A,0.0,United States,large,2.94
DHR,269.85,268.11,False,False,False,False,False,False,53.04,267.03,267.55,266.55,264.82,1.68,2.52,-0.31,6.76,Health_Care,Medical Specialities,0.0,United States,large,2.51
DIS,110.71,109.04,False,True,False,False,False,False,69.37,109.88,102.94,96.64,102.54,12.43,10.46,-2.21,2.82,Consumer_Discretionary,Movies/Entertainment,0.0,United States,large,2.55
DLR,115.21,113.67,False,False,False,False,False,False,63.14,115.39,107.82,106.49,117.74,2.05,2.86,-3.93,3.35,Real_Estate,Real Estate Investment Trusts,2004.0,United States,large,2.91
DLTR,149.91,151.19,False,False,False,False,False,True,52.52,151.9,148.1,146.14,152.89,4.29,2.57,-4.53,4.15,Consumer_Discretionary,Department/Specialty Retail Stores,1995.0,United States,large,2.77
DOV,159.61,152.08,False,False,False,False,True,False,74.36,154.09,144.15,140.56,131.99,0.94,1.49,0.31,3.64,Industrials,Industrial Machinery/Components,0.0,United States,large,2.28
DOW,60.0,59.18,False,False,True,False,False,False,69.63,59.49,57.69,53.68,54.22,3.81,4.95,0.08,1.38,Industrials,Industrial Specialties,2019.0,N-A,large,2.3
DPZ,359.62,355.18,False,False,False,False,False,False,56.96,356.27,347.31,357.83,362.67,0.38,0.59,-0.24,11.07,Consumer_Discretionary,Food Distributors,2004.0,United States,large,3.08
DRI,147.42,147.59,False,False,False,False,False,False,53.31,147.46,147.76,144.79,131.78,0.72,1.29,-0.34,2.57,Consumer_Discretionary,Restaurants,0.0,United States,large,1.74
DTE,112.76,114.47,False,False,False,True,False,False,40.31,114.87,115.91,116.48,122.65,1.4,1.33,-1.7,2.22,Utilities,Electric Utilities: Central,0.0,United States,large,1.97
DUK,100.58,101.76,False,False,False,False,False,True,40.36,101.85,102.9,101.88,103.69,4.18,3.44,-1.43,1.68,Utilities,Power Generation,0.0,United States,large,1.67
DVN,60.85,62.44,False,False,False,False,False,False,42.14,61.85,63.16,63.23,65.14,6.56,8.09,-0.16,1.96,Energy,Oil & Gas Production,1985.0,United States,large,3.22
DXCM,108.43,107.39,False,False,False,False,True,False,49.1,107.35,107.95,111.93,94.9,2.87,2.57,0.37,3.73,Health_Care,Medical Specialities,2005.0,United States,large,3.44
EA,113.92,121.23,False,False,False,False,False,False,25.8,120.87,124.6,125.01,126.44,4.29,6.13,-1.78,3.06,Consumer_Discretionary,Recreational Games/Products/Toys,0.0,United States,large,2.69
EBAY,50.66,49.7,False,False,False,False,False,False,67.75,50.22,47.32,44.76,44.5,3.6,4.59,-1.94,1.44,Consumer_Discretionary,Catalog/Specialty Distribution,1998.0,United States,large,2.84
ECL,153.29,154.3,False,False,False,False,False,False,52.41,154.73,152.47,149.57,156.29,1.09,1.13,-3.78,3.73,Consumer_Discretionary,Package Goods/Cosmetics,0.0,United States,large,2.43
ED,92.93,94.56,False,False,False,True,False,True,38.92,94.78,95.35,96.08,94.19,1.69,1.94,-2.34,1.72,Utilities,Power Generation,0.0,United States,large,1.85
EFX,225.99,223.12,False,False,False,False,False,False,64.14,224.16,216.6,204.88,193.71,1.02,1.04,-2.02,6.01,Finance,Advertising,0.0,United States,large,2.66
EIX,66.87,67.91,False,False,False,False,False,False,48.84,68.1,67.7,66.27,65.0,2.21,2.09,-2.72,1.62,Utilities,Electric Utilities: Central,0.0,United States,large,2.42
EL,269.54,272.05,False,False,False,True,False,False,55.43,273.41,268.39,251.14,245.36,1.91,1.96,0.42,7.08,Consumer_Discretionary,Package Goods/Cosmetics,1995.0,United States,large,2.63
ELV,477.71,487.28,False,False,True,False,False,False,42.35,489.19,482.65,501.48,491.51,1.17,1.25,-0.56,13.0,Health_Care,Medical Specialities,0.0,United States,large,2.72
EMN,90.2,89.62,False,True,False,False,False,False,55.54,89.17,89.43,86.45,89.93,1.22,1.58,-1.4,2.46,Industrials,Major Chemicals,0.0,United States,large,2.73
EMR,91.39,90.83,False,True,False,False,False,False,47.07,90.88,92.33,94.24,87.17,3.18,3.7,-0.1,1.99,Industrials,Industrial Machinery/Components,0.0,United States,large,2.18
ENPH,222.93,222.44,False,False,False,False,False,False,39.66,222.27,228.23,272.56,248.57,2.46,3.84,-2.09,13.14,Technology,Electrical Products,2012.0,United States,large,5.89
EOG,124.62,128.8,False,False,False,False,False,False,38.89,128.2,129.9,130.53,123.86,4.2,4.02,-0.1,3.52,Energy,Oil & Gas Production,0.0,United States,large,2.82
EPAM,375.85,355.28,True,True,False,False,False,True,63.29,355.1,341.32,341.33,345.85,0.88,0.49,-0.92,14.53,Technology,EDP Services,2012.0,United States,large,3.87
EQIX,733.0,733.26,False,False,False,False,False,False,59.62,737.42,715.19,691.2,654.91,0.43,0.41,-2.65,18.27,Real_Estate,Real Estate Investment Trusts,2000.0,United States,large,2.49
EQR,64.73,63.81,False,False,False,False,False,False,60.29,64.16,61.65,61.64,69.58,1.74,3.6,-2.44,1.57,Real_Estate,Real Estate Investment Trusts,0.0,United States,large,2.43
EQT,31.26,32.31,False,False,False,False,False,False,36.63,31.91,33.44,35.85,40.77,4.3,5.72,-1.82,1.34,Energy,Oil & Gas Production,0.0,United States,large,4.29
ES,80.35,81.64,False,False,False,False,False,False,41.82,82.03,82.46,83.19,84.73,1.69,1.84,-3.66,1.86,Utilities,Electric Utilities: Central,0.0,United States,large,2.31
ESS,230.34,226.37,False,False,False,False,False,False,60.69,228.02,219.51,216.19,253.51,0.72,0.85,-2.78,5.66,Real_Estate,Real Estate Investment Trusts,1994.0,United States,large,2.46
ETN,163.24,161.85,False,False,False,False,False,False,55.92,162.32,160.7,160.02,146.21,1.69,1.88,0.79,3.73,Industrials,Industrial Machinery/Components,0.0,Ireland,large,2.28
ETR,108.08,108.59,False,False,False,False,False,False,46.54,108.76,107.67,111.65,112.75,1.72,1.55,-2.23,2.09,Utilities,Electric Utilities: Central,0.0,United States,large,1.93
ETSY,147.5,140.85,True,True,False,False,False,False,66.77,141.51,133.59,129.68,104.95,2.68,2.83,-0.47,6.18,Consumer_Discretionary,Catalog/Specialty Distribution,2015.0,United States,large,4.19
EVRG,61.64,62.14,False,False,False,False,False,False,47.58,62.42,62.29,61.71,64.43,1.52,1.52,-2.53,1.34,Utilities,Power Generation,0.0,United States,large,2.17
EW,82.12,80.25,False,False,False,False,False,False,61.1,80.17,78.4,76.23,88.85,4.74,5.5,-2.83,2.13,Health_Care,Industrial Specialties,0.0,United States,large,2.59
EXC,40.9,41.76,False,False,False,False,False,False,37.68,41.81,42.48,42.19,43.14,6.98,6.34,-2.36,0.85,Utilities,Power Generation,0.0,United States,large,2.08
EXPD,117.03,112.43,False,True,False,False,False,False,65.36,112.65,109.18,109.5,102.91,1.08,2.27,-1.55,3.11,Consumer_Discretionary,Oil Refining/Marketing,0.0,United States,large,2.66
EXPE,118.7,116.66,False,False,False,False,False,False,69.83,117.58,108.61,99.82,107.47,1.96,2.28,-2.26,4.02,Consumer_Discretionary,Other Consumer Services,0.0,United States,large,3.39
EXR,163.13,158.71,False,True,False,False,False,True,64.04,159.5,152.85,152.73,173.08,0.92,1.01,-1.2,4.05,Real_Estate,Real Estate Investment Trusts,2004.0,United States,large,2.48
F,13.23,13.38,False,False,False,False,False,True,53.29,13.55,12.94,12.83,13.31,162.58,96.68,-7.61,0.56,Consumer_Discretionary,Auto Manufacturing,0.0,United States,large,4.23
FANG,138.4,142.99,False,False,True,False,False,False,42.0,142.16,144.17,140.96,136.6,1.55,2.18,0.6,4.12,Energy,Oil & Gas Production,2012.0,United States,large,2.98
FAST,54.2,51.9,False,True,False,False,False,False,68.7,52.27,49.43,49.5,50.42,4.04,4.46,-1.97,1.48,Consumer_Discretionary,RETAIL: Building Materials,1987.0,United States,large,2.73
FCX,43.16,44.21,False,False,True,False,False,False,50.7,44.06,44.26,40.87,34.85,13.15,12.16,-1.26,1.77,Basic_Materials,Metal Mining,0.0,United States,large,4.1
FDS,427.56,425.44,False,False,False,False,False,False,54.53,426.19,418.95,427.5,413.05,0.21,0.23,-1.32,9.44,Finance,Advertising,2000.0,United States,large,2.21
FDX,214.67,200.97,False,True,False,False,True,False,74.65,201.84,191.59,182.06,195.49,2.2,3.16,0.08,5.68,Consumer_Discretionary,Air Freight/Delivery Services,0.0,United States,large,2.65
FE,39.52,40.86,False,False,False,False,False,True,31.66,40.78,41.75,41.53,40.17,6.75,5.05,-3.61,0.81,Utilities,Electric Utilities: Central,0.0,United States,large,2.05
FIS,75.39,75.39,False,False,False,False,False,False,59.76,75.88,72.56,70.48,85.12,3.88,4.17,-3.11,2.11,Consumer_Discretionary,Business Services,0.0,United States,large,2.8
FISV,106.6,106.39,False,False,False,False,False,False,58.87,106.96,104.09,102.47,99.92,3.45,3.16,-0.93,2.02,Consumer_Discretionary,Business Services,1986.0,United States,large,1.89
FITB,37.64,36.6,False,True,False,False,False,False,68.99,36.87,35.15,34.18,35.02,4.97,6.53,-0.55,0.89,Finance,Major Banks,0.0,United States,large,2.36
FLT,218.2,210.59,False,False,False,False,False,False,72.3,212.82,199.18,191.66,207.62,0.48,0.54,-1.57,5.15,Technology,EDP Services,2010.0,United States,large,2.36
FMC,127.39,129.76,False,False,True,False,False,False,47.24,130.39,128.88,127.7,117.66,1.05,0.89,-1.03,3.1,Industrials,Agricultural Chemicals,0.0,United States,large,2.43
FOX,32.3,31.79,False,True,False,False,False,False,67.03,32.03,30.64,29.78,30.48,1.41,0.94,-1.25,0.64,Industrials,Broadcasting,0.0,United States,large,1.98
FOXA,34.6,34.01,False,False,False,False,False,False,68.14,34.3,32.7,31.74,32.76,2.09,2.07,-1.09,0.73,Industrials,Broadcasting,0.0,United States,large,2.11
FRC,144.5,141.72,False,False,False,False,False,False,70.37,143.14,134.28,126.75,139.8,1.57,1.51,-1.7,4.05,Finance,Commercial Banks,0.0,United States,large,2.8
FSLR,168.19,172.54,False,False,True,True,False,False,49.93,173.08,170.86,163.5,117.66,1.75,2.0,-0.28,8.42,Technology,Semiconductors,2006.0,United States,large,5.01
FTNT,53.0,52.43,False,False,False,False,False,False,58.17,52.67,50.42,50.97,53.91,5.47,6.54,-1.58,1.83,Technology,Security Systems Services,2009.0,United States,large,3.45
FTV,69.08,67.41,False,True,False,False,True,False,60.73,67.4,66.62,66.14,62.38,3.87,3.47,1.87,1.76,Industrials,Industrial Machinery/Components,2016.0,N-A,large,2.55
GD,231.54,231.37,False,False,False,False,True,True,41.1,230.91,236.65,243.81,233.25,1.63,1.35,0.06,5.13,Industrials,Aerospace,0.0,United States,large,2.22
GE,81.96,81.62,False,False,False,False,False,False,64.53,81.91,78.92,71.07,60.58,5.63,6.76,-2.36,2.22,Consumer_Discretionary,Metal Fabrications,0.0,United States,large,2.71
GEHC,70.55,69.68,False,True,False,False,False,True,75.35,70.45,66.08,42.76,10.69,3.05,3.17,-0.14,2.89,Technology,Computer Software: Prepackaged Software,0.0,United States,large,4.1
GILD,84.5,83.6,False,False,False,False,False,True,50.61,83.44,84.62,85.76,70.38,12.85,9.47,3.82,2.01,Health_Care,Biotechnology: Pharmaceutical Preparations,1992.0,United States,large,2.38
GIS,75.48,77.2,False,False,True,True,False,False,28.97,77.19,79.82,82.93,76.77,5.56,4.97,-0.55,1.5,Consumer_Staples,Food Chains,0.0,United States,large,1.99
GL,120.16,119.52,False,False,False,False,False,False,52.08,119.56,120.02,119.17,106.22,0.83,0.81,2.92,2.5,Finance,Life Insurance,0.0,United States,large,2.08
GLW,35.74,35.81,True,True,False,False,False,False,54.0,35.66,35.84,34.17,33.76,3.49,7.18,-1.52,0.85,Technology,Industrial Machinery/Components,0.0,United States,large,2.38
GM,41.13,39.09,False,True,False,False,False,False,66.49,39.51,37.22,37.17,36.82,17.06,28.48,-0.89,1.49,Consumer_Discretionary,Auto Manufacturing,2010.0,United States,large,3.62
GPC,168.29,167.94,False,True,False,False,False,False,47.56,168.41,167.41,174.52,155.88,0.82,0.89,-1.44,2.83,Consumer_Discretionary,Automotive Aftermarket,0.0,United States,large,1.68
GPN,113.06,113.17,False,False,False,False,False,False,59.29,113.54,110.1,103.5,115.78,1.47,1.42,-2.66,3.01,Consumer_Discretionary,Business Services,0.0,United States,large,2.66
GRMN,101.54,100.11,False,False,False,False,False,False,63.16,100.37,98.46,95.17,95.17,0.64,0.83,-1.4,2.03,Industrials,Industrial Machinery/Components,2000.0,Switzerland,large,2.0
GS,369.95,362.73,True,True,False,False,True,False,62.2,365.68,356.49,359.12,331.34,2.19,2.64,0.13,9.85,Finance,Investment Bankers/Brokers/Service,1999.0,United States,large,2.66
GWW,675.81,616.75,True,True,False,False,True,False,79.38,622.85,577.82,578.4,532.15,0.46,0.56,0.04,19.34,Consumer_Discretionary,Telecommunications Equipment,0.0,United States,large,2.86
HAL,38.57,39.86,False,False,True,True,False,False,43.81,39.91,40.56,38.53,34.14,12.72,11.32,0.03,1.52,Energy,Oil & Gas Production,0.0,United States,large,3.94
HBAN,15.45,15.13,False,True,False,False,False,False,67.38,15.24,14.69,14.57,13.8,12.76,17.11,-0.32,0.33,Finance,Major Banks,0.0,United States,large,2.14
HCA,258.08,257.11,False,False,True,False,False,False,58.19,257.18,255.74,246.38,214.89,0.92,1.45,0.03,6.96,Health_Care,Hospital/Nursing Management,2011.0,United States,large,2.7
HES,137.57,146.17,False,False,True,False,False,False,37.45,144.5,149.41,143.2,124.16,1.85,2.59,-0.87,4.99,Energy,Oil & Gas Production,0.0,United States,large,3.63
HIG,74.77,75.82,False,False,True,True,False,False,44.67,75.88,76.27,75.75,69.6,2.89,2.22,0.46,1.68,Finance,Property-Casualty Insurers,0.0,United States,large,2.25
HLT,146.82,144.68,False,False,False,False,False,False,70.86,145.86,138.43,135.65,131.62,1.08,1.51,-0.18,2.89,Consumer_Discretionary,Hotels/Resorts,2016.0,N-A,large,1.97
HOLX,84.68,82.91,True,True,False,False,True,False,71.31,83.08,80.93,77.55,72.25,1.69,2.26,0.28,1.71,Health_Care,Medical Electronics,1990.0,United States,large,2.02
HON,202.69,206.26,False,False,True,False,False,False,41.02,206.21,207.97,211.73,194.4,4.46,4.38,-2.26,4.64,Industrials,Consumer Electronics/Appliances,0.0,United States,large,2.29
HPE,16.33,16.22,True,True,False,False,False,False,53.98,16.2,16.34,16.14,14.62,9.68,15.26,-0.49,0.34,Telecommunications,Telecommunications Equipment,2015.0,United States,large,2.08
HPQ,30.51,29.64,False,True,False,False,False,False,66.05,29.83,28.65,28.31,30.95,4.17,5.39,-0.91,0.73,Technology,Computer Manufacturing,0.0,United States,large,2.39
HRL,45.24,45.15,False,False,False,True,False,False,46.78,45.2,45.43,46.21,47.65,1.37,1.83,-0.22,0.69,Consumer_Staples,Meat/Poultry/Fish,0.0,United States,large,1.53
HSIC,86.75,85.99,False,False,False,False,False,False,62.6,86.87,82.7,81.79,77.71,0.75,1.09,-2.62,1.78,Health_Care,Medical Specialities,1995.0,United States,large,2.05
HST,19.07,18.69,True,True,False,False,False,False,68.52,18.9,17.68,17.47,17.88,9.12,7.03,-0.83,0.44,Real_Estate,Real Estate Investment Trusts,0.0,United States,large,2.31
HSY,236.28,227.51,True,True,False,False,True,False,66.13,228.76,223.37,229.46,224.23,1.5,1.49,0.79,4.49,Consumer_Staples,Specialty Foods,0.0,United States,large,1.9
HUM,476.57,492.96,False,False,True,True,False,False,39.53,495.25,492.44,511.25,488.72,1.51,1.99,-2.7,15.85,Health_Care,Medical Specialities,0.0,United States,large,3.33
HWM,39.86,40.16,False,False,True,True,False,False,51.28,40.31,40.03,39.11,35.82,2.04,2.0,-0.92,0.86,Industrials,Military/Government/Technical,0.0,United States,large,2.16
IBM,136.94,136.8,True,True,False,False,True,False,40.83,135.69,140.41,143.14,135.77,3.75,5.57,0.4,2.48,Technology,EDP Services,0.0,United States,large,1.81
ICE,107.66,107.81,False,False,False,False,False,False,54.14,107.84,107.24,105.58,101.23,2.22,2.45,-0.62,2.17,Finance,Investment Bankers/Brokers/Service,2005.0,United States,large,2.02
IDXX,482.41,486.37,False,False,False,False,False,False,57.56,486.66,476.04,441.31,388.94,0.82,0.77,-4.33,15.45,Health_Care,Biotechnology: In Vitro & In Vivo Diagnostic Substances,1991.0,United States,large,3.2
IEX,229.84,231.31,False,False,True,False,False,False,47.61,231.17,232.87,233.07,208.62,0.59,0.64,1.88,5.73,Industrials,Fluid Controls,1989.0,United States,large,2.49
IFF,113.33,113.3,False,True,False,False,False,False,55.77,113.45,112.99,108.08,111.69,1.34,2.39,-2.89,2.88,Industrials,Major Chemicals,0.0,United States,large,2.54
ILMN,214.26,214.91,False,False,False,False,False,False,53.6,216.0,207.91,206.95,216.23,1.14,1.06,-4.75,9.77,Health_Care,Medical Specialities,2000.0,United States,large,4.56
INCY,83.61,84.35,False,False,True,True,False,False,53.65,84.5,82.73,81.64,75.9,1.41,1.61,-1.04,1.65,Health_Care,Biotechnology: Commercial Physical & Biological Resarch,0.0,United States,large,1.97
INTC,30.32,29.43,True,True,False,False,True,False,59.43,29.16,29.3,28.48,33.58,57.52,58.17,0.43,1.11,Technology,Semiconductors,0.0,United States,large,3.66
INTU,423.76,424.37,False,False,False,False,False,False,56.25,430.12,403.98,398.68,408.99,1.84,1.6,-6.28,15.45,Technology,Computer Software: Prepackaged Software,1993.0,United States,large,3.65
INVH,33.42,32.72,False,True,False,False,False,False,63.79,32.86,31.49,31.18,34.79,2.92,3.71,-1.45,0.8,Real_Estate,Real Estate Investment Trusts,2017.0,United States,large,2.39
IP,41.36,39.91,True,True,False,False,False,False,67.88,40.67,38.05,36.84,39.92,2.57,5.76,-0.41,1.1,Industrials,Containers/Packaging,0.0,United States,large,2.66
IPG,39.11,37.35,True,True,False,False,True,False,79.01,37.47,36.25,34.54,30.76,4.35,4.29,0.88,0.71,Consumer_Discretionary,Advertising,0.0,United States,large,1.82
IQV,237.18,232.31,False,True,False,False,False,False,67.98,233.4,223.5,215.54,212.39,0.66,0.73,-1.44,5.38,Health_Care,Managed Health Care,2013.0,United States,large,2.27
IR,57.11,56.07,True,False,False,False,True,False,60.75,56.02,55.9,54.28,48.81,3.44,2.81,1.96,1.34,Industrials,Industrial Machinery/Components,2017.0,United States,large,2.35
IRM,55.53,54.81,False,False,False,False,False,False,62.71,55.36,52.68,52.69,51.06,1.47,2.81,-1.94,1.31,Real_Estate,Real Estate Investment Trusts,0.0,United States,large,2.36
ISRG,254.68,252.7,False,True,False,False,False,False,48.7,250.94,256.61,262.88,230.55,1.69,1.79,-2.38,8.03,Health_Care,Medical/Dental Instruments,2000.0,United States,large,3.15
IT,341.95,339.59,False,False,False,False,False,False,56.2,341.83,333.82,338.87,294.44,0.39,0.46,-1.89,7.49,Finance,Diversified Commercial Services,1993.0,United States,large,2.19
ITW,246.73,238.81,False,False,False,False,False,False,69.54,240.56,231.09,226.28,206.53,1.82,1.71,-1.52,5.58,Industrials,Industrial Machinery/Components,0.0,United States,large,2.26
J,125.55,123.92,True,True,False,False,True,False,57.07,124.13,123.89,122.7,125.13,1.54,1.0,0.12,2.69,Industrials,Oilfield Services/Equipment,2022.0,N-A,large,2.14
JBHT,197.89,192.87,False,False,False,False,True,False,64.95,193.21,185.29,181.62,174.12,0.74,0.76,0.27,5.87,Industrials,Trucking Freight/Courier Services,0.0,United States,large,2.97
JCI,65.72,66.81,False,False,True,False,False,False,46.7,66.9,67.19,66.21,57.36,4.74,5.47,1.78,1.67,Industrials,Industrial Machinery/Components,0.0,Switzerland,large,2.54
JKHY,180.7,180.63,False,False,False,False,False,False,51.52,180.7,179.7,181.25,187.54,0.44,0.41,-0.97,3.2,Technology,Retail: Computer Software & Peripheral Equipment,1985.0,United States,large,1.77
JNPR,30.73,31.52,False,False,False,False,False,False,39.96,31.52,31.78,32.02,29.87,7.44,7.62,-2.29,0.78,Technology,Computer peripheral equipment,1999.0,United States,large,2.54
K,67.61,67.95,False,False,False,True,False,False,37.31,68.03,68.88,70.95,71.56,2.48,2.2,-0.03,1.09,Consumer_Staples,Packaged Foods,0.0,United States,large,1.61
KDP,35.15,35.1,False,False,False,True,False,True,44.7,35.14,35.24,36.39,36.96,6.56,5.58,-0.17,0.56,Consumer_Staples,Beverages (Production/Distribution),0.0,United States,large,1.59
KEY,20.02,19.31,False,True,False,False,False,False,68.72,19.56,18.4,17.95,18.11,11.52,16.79,-0.15,0.56,Finance,Major Banks,0.0,United States,large,2.8
KEYS,181.4,180.09,True,True,False,False,False,False,56.76,179.87,178.92,176.99,160.49,0.69,1.02,-0.43,3.98,Industrials,Industrial Machinery/Components,2014.0,United States,large,2.19
KHC,39.38,40.06,False,False,False,True,False,False,39.82,40.16,40.86,40.32,38.5,5.91,6.88,-1.53,0.77,Consumer_Staples,Farming/Seeds/Milling,0.0,United States,large,1.96
KIM,22.53,22.42,False,False,False,False,False,False,56.63,22.54,21.78,21.78,21.51,4.53,5.68,-2.34,0.63,Real_Estate,Real Estate Investment Trusts,0.0,United States,large,2.8
KLAC,408.27,408.15,True,False,False,False,False,False,52.28,402.49,410.13,395.78,351.21,1.08,1.34,-1.45,13.94,Technology,Electronic Components,1980.0,United States,large,3.41
KMB,131.26,130.9,False,False,False,False,True,False,43.7,130.09,133.51,135.18,130.31,1.7,1.9,0.83,2.49,Consumer_Discretionary,Paper,0.0,United States,large,1.9
KMI,18.28,18.4,True,False,False,False,False,False,47.16,18.29,18.56,18.35,18.13,13.76,15.29,-0.92,0.36,Utilities,Natural Gas Distribution,2011.0,United States,large,1.97
KMX,78.19,73.24,False,True,False,False,False,False,71.01,74.57,68.12,65.78,80.56,1.84,3.04,-1.42,3.31,Consumer_Discretionary,Other Specialty Stores,0.0,United States,large,4.23
KR,44.42,44.73,False,False,True,False,False,False,45.37,44.68,45.06,45.73,47.85,5.02,4.96,-1.22,0.92,Consumer_Staples,Food Chains,0.0,United States,large,2.07
L,60.1,60.37,False,False,True,False,False,False,54.1,60.54,59.89,58.33,58.02,0.99,0.8,-0.13,0.97,Finance,Property-Casualty Insurers,0.0,United States,large,1.61
LDOS,98.06,97.82,False,False,False,False,True,False,43.44,97.99,98.38,103.29,100.52,0.5,0.79,0.13,1.82,Technology,EDP Services,0.0,United States,large,1.86
LEN,104.81,102.94,False,False,False,False,False,False,66.53,103.84,99.15,93.41,82.17,2.04,2.52,-3.03,2.83,Real_Estate,Building operators,0.0,United States,large,2.7
LH,249.34,252.07,False,True,False,False,False,False,51.89,251.54,251.24,241.55,237.49,0.47,0.61,-2.22,4.85,Health_Care,Medical Specialities,0.0,United States,large,1.95
LHX,210.95,209.05,False,False,True,True,False,False,57.49,213.11,202.12,210.08,227.54,0.9,1.59,-0.51,4.89,Industrials,Industrial Machinery/Components,0.0,United States,large,2.32
LIN,323.6,327.87,False,False,False,False,False,True,46.29,328.54,325.91,329.69,305.77,2.66,2.31,-2.54,6.15,Industrials,Major Chemicals,2018.0,N-A,large,1.9
LKQ,57.48,57.91,False,False,False,False,False,False,54.78,58.28,57.09,55.19,52.42,1.56,1.58,-2.13,1.23,Consumer_Discretionary,Automotive Aftermarket,2003.0,United States,large,2.14
LMT,459.08,458.2,False,False,False,False,False,False,47.56,460.47,456.36,472.23,441.22,1.3,1.67,0.41,8.58,Industrials,Aerospace,0.0,United States,large,1.87
LNT,53.34,54.17,False,False,False,False,False,False,41.63,54.1,54.53,55.04,57.29,1.69,1.69,-2.59,1.18,Utilities,Power Generation,0.0,United States,large,2.21
LOW,215.97,211.37,False,False,False,False,False,False,60.61,212.25,206.74,206.23,196.57,3.04,3.35,-2.52,6.05,Consumer_Discretionary,RETAIL: Building Materials,0.0,United States,large,2.8
LRCX,529.25,510.62,False,False,False,False,False,False,67.19,515.86,479.63,457.91,446.95,1.27,1.83,-2.18,18.2,Technology,Industrial Machinery/Components,1984.0,United States,large,3.44
LUV,36.35,36.21,False,True,False,False,False,False,51.3,36.01,36.16,36.7,38.12,4.76,7.26,-1.28,1.11,Consumer_Discretionary,Air Freight/Delivery Services,0.0,United States,large,3.05
LVS,58.08,57.62,False,False,True,True,False,False,67.07,58.26,55.41,50.51,40.12,3.87,5.79,1.18,1.64,Consumer_Discretionary,Hotels/Resorts,2004.0,United States,large,2.82
LW,98.12,98.19,False,False,False,False,False,False,58.03,98.65,97.87,91.7,79.57,1.26,1.33,1.07,1.96,Consumer_Staples,Specialty Foods,2016.0,N-A,large,2.0
LYB,98.15,95.88,False,False,False,False,False,True,71.92,96.57,93.2,87.49,89.53,3.53,2.18,1.86,2.36,Industrials,Industrial Specialties,0.0,Netherlands,large,2.4
LYV,79.8,79.62,False,False,False,False,False,False,63.16,80.51,76.23,73.01,83.86,1.28,1.66,-2.11,2.06,Consumer_Discretionary,Movies/Entertainment,0.0,United States,large,2.58
MAA,173.05,167.61,False,False,False,False,False,False,66.98,168.81,161.19,160.21,167.66,1.16,1.02,-0.61,4.29,Real_Estate,Real Estate Investment Trusts,1994.0,United States,large,2.48
MAR,174.43,173.08,False,False,False,False,False,False,68.02,174.27,165.15,160.05,157.07,1.43,1.48,-0.99,3.65,Consumer_Discretionary,Hotels/Resorts,0.0,United States,large,2.09
MAS,55.39,53.52,False,True,False,False,False,False,65.25,54.01,51.4,49.91,51.08,1.92,2.15,-2.29,1.65,Industrials,Building Products,0.0,United States,large,2.98
MCD,264.23,267.12,False,False,True,True,False,False,43.41,266.4,268.36,269.39,257.01,3.0,3.73,0.39,5.84,Consumer_Discretionary,Restaurants,0.0,United States,large,2.21
MCHP,85.34,80.4,True,True,False,False,True,True,71.9,80.87,76.14,74.77,67.83,8.94,7.86,0.96,2.5,Technology,Semiconductors,1993.0,United States,large,2.93
MCK,362.58,372.09,False,False,False,False,False,False,33.3,371.48,377.86,378.03,352.07,1.31,1.53,-1.06,7.98,Health_Care,Other Pharmaceuticals,0.0,United States,large,2.2
MCO,324.36,321.68,False,False,False,False,False,False,63.06,322.81,312.16,298.25,287.23,1.03,1.25,-1.56,8.15,Finance,Advertising,0.0,United States,large,2.51
MDLZ,65.91,65.73,False,False,False,False,False,False,50.79,65.92,65.84,66.48,63.14,6.27,6.98,-1.13,1.05,Consumer_Staples,Meat/Poultry/Fish,0.0,United States,large,1.59
MDT,87.1,84.62,False,True,False,False,False,False,69.46,85.34,81.58,79.52,88.41,4.95,6.85,-0.55,1.82,Health_Care,Biotechnology: Electromedical & Electrotherapeutic Apparatus,0.0,United States,large,2.09
MET,69.79,71.17,False,False,True,False,False,False,39.6,71.47,71.44,72.81,67.53,4.56,5.02,0.11,1.67,Finance,Life Insurance,2000.0,United States,large,2.39
MGM,41.71,41.0,False,False,False,False,False,False,66.24,41.26,39.48,37.18,34.47,3.22,4.07,0.77,1.13,Consumer_Discretionary,Hotels/Resorts,0.0,United States,large,2.71
MKC,74.54,75.54,False,False,False,False,False,False,33.38,74.99,78.84,82.22,84.6,1.15,1.46,-0.57,1.91,Consumer_Staples,Farming/Seeds/Milling,0.0,United States,large,2.56
MKTX,345.9,360.62,False,False,False,False,False,True,55.56,366.77,340.7,303.09,269.3,0.71,0.51,-8.96,12.31,Finance,Investment Bankers/Brokers/Service,2004.0,United States,large,3.56
MLM,360.63,357.73,False,False,False,False,False,False,57.12,359.98,351.21,351.88,339.51,0.26,0.32,-2.59,8.8,Industrials,Building Materials,1994.0,United States,large,2.44
MMC,171.88,173.56,False,False,True,False,False,False,50.31,173.9,172.4,170.54,162.05,1.62,1.88,-1.96,3.34,Finance,Specialty Insurers,0.0,United States,large,1.94
MMM,117.49,117.13,False,True,False,False,False,False,45.81,116.26,121.03,122.87,130.21,2.68,4.33,-2.33,3.42,Industrials,Consumer Electronics/Appliances,0.0,United States,large,2.91
MNST,101.8,102.67,False,False,True,True,False,True,49.56,102.97,101.87,101.75,93.73,2.6,2.06,-0.76,2.05,Consumer_Staples,Beverages (Production/Distribution),0.0,United States,large,2.01
MO,46.91,45.97,False,False,True,False,False,False,60.51,46.19,45.39,45.87,46.26,10.24,9.87,-0.13,1.39,Health_Care, Medicinal Chemicals and Botanical Products ,0.0,United States,large,2.96
MOH,301.07,303.67,False,False,True,True,False,False,42.65,306.35,300.1,319.3,318.27,0.42,0.59,-1.09,7.47,Health_Care,Medical Specialities,2003.0,United States,large,2.48
MOS,50.44,49.56,False,True,False,False,False,False,62.6,49.84,47.8,47.23,52.21,3.87,3.71,-0.81,1.98,Industrials,Agricultural Chemicals,0.0,United States,large,3.93
MPC,118.2,124.14,False,False,True,True,False,False,43.18,123.75,123.39,118.51,103.71,3.19,4.84,-1.42,4.69,Energy,Integrated oil Companies,0.0,United States,large,3.97
MPWR,456.3,441.07,False,False,False,False,False,False,63.95,444.44,410.22,385.44,407.29,0.67,0.69,-3.73,18.54,Technology,Semiconductors,2004.0,United States,large,4.06
MRNA,173.25,180.26,True,True,False,False,False,False,39.06,176.17,186.5,185.6,156.0,2.46,4.31,-1.76,7.75,Health_Care,Biotechnology: Biological Products (No Diagnostic Substances),2018.0,United States,large,4.47
MRO,26.03,26.94,False,False,False,False,False,False,39.74,26.71,27.21,27.67,26.58,9.47,10.15,-0.61,1.12,Energy,Oil & Gas Production,0.0,United States,large,4.3
MS,99.43,97.61,False,True,False,False,True,False,69.92,98.02,94.17,90.82,84.85,6.86,8.17,0.22,2.81,Finance,Investment Bankers/Brokers/Service,0.0,United States,large,2.83
MSCI,567.43,541.26,False,False,False,False,False,False,71.08,545.7,511.5,497.09,456.49,0.49,0.74,-0.18,17.4,Finance,Advertising,0.0,United States,large,3.07
MSI,256.44,256.68,False,True,False,False,False,False,47.94,256.28,258.55,260.97,237.39,0.57,0.69,0.2,5.32,Technology,Radio And Television Broadcasting And Communications Equipment,0.0,United States,large,2.07
MTB,159.02,155.62,True,True,False,False,True,False,63.19,155.79,152.37,152.84,168.24,2.25,1.75,1.92,3.84,Finance,Major Banks,0.0,United States,large,2.41
MTCH,48.45,51.09,False,False,False,False,False,False,50.06,51.79,48.67,45.86,59.0,6.38,8.53,-7.84,2.48,Technology,Computer Software: Programming Data Processing,0.0,United States,large,5.12
MTD,1591.65,1556.59,True,True,False,False,True,False,63.18,1555.28,1532.76,1486.23,1303.91,0.13,0.1,0.49,42.0,Health_Care,Medical Specialities,1997.0,Switzerland,large,2.64
MU,62.41,61.86,False,True,False,False,False,False,62.13,62.04,59.38,56.0,59.22,11.8,17.72,-1.2,1.99,Technology,Semiconductors,0.0,United States,large,3.19
NDAQ,60.55,60.41,True,True,False,False,False,False,46.29,60.09,61.39,62.88,58.28,1.64,2.26,-0.03,1.48,Finance,Investment Bankers/Brokers/Service,0.0,United States,large,2.44
NDSN,248.65,243.98,False,False,False,False,False,False,58.92,244.98,239.82,237.77,224.0,0.23,0.64,-0.93,5.89,Industrials,Industrial Machinery/Components,0.0,United States,large,2.37
NEE,74.67,76.2,False,False,False,False,False,False,31.02,74.84,80.62,82.94,80.42,11.63,15.02,-1.23,2.26,Utilities,Electric Utilities: Central,0.0,United States,large,3.03
NEM,49.85,52.48,False,False,True,True,False,True,43.19,52.43,52.9,49.59,52.07,9.73,7.22,-4.92,2.02,Basic_Materials,Precious Metals,0.0,United States,large,4.05
NFLX,365.9,359.47,True,True,False,False,False,False,67.58,360.35,342.17,317.28,245.6,9.38,7.21,-0.27,12.11,Consumer_Discretionary,Consumer Electronics/Video Chains,2002.0,United States,large,3.31
NI,27.31,27.56,False,False,False,False,False,False,47.0,27.65,27.51,27.52,28.34,3.4,3.51,-1.66,0.72,Utilities,Power Generation,0.0,United States,large,2.64
NKE,127.61,127.8,False,False,False,False,False,False,60.3,127.97,126.81,117.7,109.52,4.92,6.14,-1.12,3.11,Consumer_Discretionary,Shoe Manufacturing,0.0,United States,large,2.44
NOC,440.64,445.26,False,False,False,False,False,True,31.47,442.28,464.01,504.37,485.49,1.39,1.28,-0.05,16.08,Technology,Security Systems Services,0.0,United States,large,3.65
NOW,472.22,463.28,False,False,False,False,False,False,64.53,467.0,429.07,410.17,432.29,1.71,2.13,-3.88,18.1,Technology,Computer Software: Prepackaged Software,2012.0,United States,large,3.83
NSC,252.12,248.94,False,True,False,False,False,False,53.25,247.95,250.83,250.05,240.77,1.02,1.29,-1.07,6.38,Industrials,Railroads,0.0,United States,large,2.53
NTAP,67.62,66.92,False,False,False,False,False,False,61.1,67.1,65.38,64.69,68.19,1.31,2.3,-2.07,1.51,Technology,Electronic Components,1995.0,United States,large,2.23
NTRS,98.17,96.89,False,True,False,False,True,False,60.16,97.07,95.83,92.23,95.4,1.01,1.17,0.08,2.7,Finance,Major Banks,0.0,United States,large,2.75
NUE,176.63,169.83,True,True,False,False,False,False,75.84,172.74,157.98,149.24,133.46,2.21,2.32,-0.03,6.24,Industrials,Steel/Iron Ore,0.0,United States,large,3.53
NVR,5281.34,5223.01,False,False,False,False,False,False,65.8,5267.27,5024.27,4805.54,4379.48,0.04,0.03,-2.3,145.78,Consumer_Discretionary,Homebuilding,1998.0,United States,large,2.76
NWS,21.4,20.87,False,True,False,False,False,False,67.83,20.96,20.04,19.17,17.76,0.82,0.84,-1.25,0.53,Consumer_Discretionary,Movies/Entertainment,0.0,United States,large,2.48
NWSA,21.17,20.64,False,True,False,False,False,False,68.33,20.76,19.77,18.9,17.51,2.46,2.99,-1.4,0.54,Consumer_Discretionary,Movies/Entertainment,0.0,United States,large,2.55
NXPI,190.95,185.99,False,False,False,False,False,False,67.52,188.97,173.91,168.8,166.87,2.65,3.63,-2.66,5.57,Technology,Semiconductors,2010.0,Netherlands,large,2.92
O,67.59,67.59,False,False,False,False,False,False,60.0,67.79,66.49,64.9,66.23,3.64,3.57,-0.4,1.15,Real_Estate,Real Estate Investment Trusts,0.0,United States,large,1.7
ODFL,371.01,348.4,False,False,False,False,False,False,77.01,353.03,322.73,304.89,280.01,0.99,1.47,-0.11,12.8,Industrials,Trucking Freight/Courier Services,1991.0,United States,large,3.45
OKE,68.56,68.59,False,True,False,False,False,False,53.35,68.25,68.84,66.67,62.09,1.91,2.3,-0.22,1.69,Utilities,Oil & Gas Production,0.0,United States,large,2.46
OMC,91.71,88.15,True,True,False,False,False,False,74.96,88.4,85.67,81.82,73.08,2.53,2.21,-0.13,1.68,Consumer_Discretionary,Advertising,0.0,United States,large,1.83
ON,80.89,76.11,True,True,False,False,False,False,70.66,77.06,69.2,68.39,63.48,8.47,7.33,-1.5,3.06,Technology,Semiconductors,0.0,United States,large,3.78
ORLY,794.84,797.98,False,False,True,False,False,False,43.65,798.08,806.78,824.21,728.27,0.38,0.45,-1.34,16.78,Consumer_Discretionary,Auto & Home Supply Stores,1993.0,United States,large,2.11
OTIS,84.73,83.01,False,False,False,False,False,False,64.66,83.27,81.97,80.1,74.35,1.52,2.15,1.04,1.62,N-A,N-A,2020.0,N-A,large,1.91
OXY,61.24,63.64,False,False,False,True,False,True,38.63,63.23,64.58,64.82,64.84,17.81,12.69,-1.97,2.24,Energy,Oil & Gas Production,0.0,United States,large,3.66
PARA,24.6,23.49,False,False,False,False,False,False,72.09,24.0,21.3,19.57,23.16,7.28,16.01,-2.57,0.97,Consumer_Discretionary,Movies/Entertainment,0.0,United States,large,3.94
PAYC,337.44,331.34,False,False,False,False,False,False,59.77,334.06,314.1,315.77,319.55,0.38,0.45,-4.25,11.74,Technology,Computer Software: Prepackaged Software,2014.0,N-A,large,3.48
PAYX,118.58,117.53,False,False,False,False,False,False,52.75,117.49,117.39,118.48,120.65,1.7,2.01,-1.67,2.74,Consumer_Discretionary,Business Services,1983.0,United States,large,2.31
PCAR,110.18,109.54,False,True,True,False,False,False,62.46,110.25,104.78,103.14,91.92,1.51,2.29,-1.28,2.69,Industrials,Construction/Ag Equipment/Trucks,0.0,United States,large,2.44
PCG,15.55,15.73,False,False,True,True,False,False,44.27,15.71,15.79,15.78,13.23,13.3,13.33,-0.51,0.31,Utilities,Power Generation,0.0,United States,large,1.99
PEAK,27.63,27.51,False,False,False,False,False,False,59.15,27.58,27.05,26.11,26.5,3.54,3.88,-2.16,0.56,Real_Estate,Real Estate Investment Trusts,0.0,United States,large,2.03
PEG,60.85,61.39,False,False,False,False,False,False,47.11,61.56,61.75,60.92,62.77,2.12,2.56,-2.06,1.23,Utilities,Power Generation,0.0,United States,large,2.02
PFG,92.31,91.96,False,True,False,False,False,False,60.95,92.64,89.68,88.63,77.64,1.47,2.6,-0.6,2.2,Finance,Investment Managers,2001.0,United States,large,2.38
PGR,136.31,135.08,False,False,True,False,False,False,59.56,136.2,132.63,131.0,121.94,2.2,2.95,0.99,2.92,Finance,Property-Casualty Insurers,0.0,United States,large,2.14
PH,350.0,329.13,True,True,False,False,True,True,77.42,331.91,315.46,302.94,279.25,2.08,1.36,3.69,8.62,Industrials,Office Equipment/Supplies/Services,0.0,United States,large,2.46
PHM,58.8,56.18,False,False,False,False,False,False,77.52,57.28,52.02,48.02,43.2,2.72,4.51,-2.44,1.66,N-A,N-A,0.0,United States,large,2.82
PKG,144.42,140.63,True,True,False,False,False,False,68.94,142.61,135.25,133.51,136.77,0.84,1.31,-0.46,3.4,Basic_Materials,Paper,2000.0,United States,large,2.35
PKI,141.75,139.32,False,True,False,False,False,False,56.32,139.64,136.16,138.25,139.71,0.67,0.8,-1.82,4.93,Health_Care,Medical Specialities,0.0,United States,large,3.48
PLD,131.62,129.79,False,False,False,False,False,True,65.78,130.82,124.04,118.9,121.64,3.3,3.23,-2.13,3.76,Real_Estate,Real Estate Investment Trusts,0.0,United States,large,2.86
PM,102.59,103.41,False,False,True,True,False,False,51.5,103.91,102.43,101.59,97.64,3.53,4.12,-0.89,1.71,Health_Care, Medicinal Chemicals and Botanical Products ,0.0,United States,large,1.67
PNC,165.39,163.74,True,True,False,False,False,False,57.46,164.93,161.71,159.29,161.15,1.26,1.86,-0.47,4.23,Finance,Major Banks,0.0,United States,large,2.56
POOL,403.57,390.0,False,False,False,False,False,True,69.66,397.19,358.47,335.09,352.23,0.78,0.58,-4.41,13.44,Industrials,Industrial Machinery/Components,1995.0,United States,large,3.33
PPG,130.73,130.64,False,False,False,False,False,False,52.55,131.03,129.48,129.75,123.88,0.97,1.51,-2.75,3.71,Consumer_Discretionary,Paints/Coatings,0.0,United States,large,2.84
PPL,28.66,29.35,False,False,False,False,False,False,37.36,29.34,29.75,29.47,28.4,4.25,7.44,-2.48,0.83,Utilities,Electric Utilities: Central,0.0,United States,large,2.9
PRU,101.86,102.62,False,False,True,True,False,False,51.23,103.43,100.94,101.79,100.1,1.65,1.66,-0.93,2.39,Finance,Life Insurance,2001.0,United States,large,2.35
PSA,308.47,303.17,False,False,False,False,False,False,65.38,305.82,292.75,291.31,312.49,0.65,0.76,-0.96,6.84,Real_Estate,Real Estate Investment Trusts,0.0,United States,large,2.22
PSX,98.81,101.98,False,False,False,False,False,False,39.5,100.49,103.89,104.0,95.0,3.52,4.73,-0.17,3.51,Energy,Integrated oil Companies,0.0,United States,large,3.55
PTC,130.55,133.24,False,False,True,False,False,False,51.13,133.83,130.66,126.27,116.43,0.95,1.19,-1.33,4.08,Technology,Computer Software: Prepackaged Software,0.0,United States,large,3.13
PWR,152.43,150.93,False,False,True,False,False,False,60.55,151.65,146.69,146.44,135.33,0.83,0.77,0.49,3.82,Industrials,Engineering & Construction,0.0,United States,large,2.51
PXD,220.0,227.1,False,False,True,False,False,False,36.24,224.83,232.97,231.06,240.02,2.29,2.14,0.0,6.44,Energy,Oil & Gas Production,0.0,United States,large,2.93
PYPL,85.52,82.88,False,True,False,False,False,False,66.27,83.3,79.82,76.16,83.01,14.33,14.1,-1.66,2.7,Consumer_Discretionary,Business Services,0.0,United States,large,3.16
QCOM,135.02,133.37,False,False,True,False,False,False,64.43,134.83,125.41,120.77,128.73,12.84,11.6,-0.61,4.59,Technology,Radio And Television Broadcasting And Communications Equipment,1991.0,United States,large,3.4
QRVO,106.88,108.23,False,False,True,False,False,False,56.18,108.75,103.48,98.42,97.6,2.58,2.5,-0.08,4.13,Industrials,Industrial Machinery/Components,0.0,United States,large,3.86
RCL,68.44,66.09,False,True,False,False,False,False,71.41,66.6,62.47,58.06,50.95,2.7,3.19,-1.3,2.23,Consumer_Discretionary,Hotels/Resorts,1993.0,United States,large,3.26
RE,342.39,347.0,False,False,True,True,False,False,48.71,347.35,348.26,338.64,294.56,0.24,0.26,0.28,8.45,Finance,Property-Casualty Insurers,0.0,Bermuda,large,2.47
REG,66.81,66.56,False,False,False,False,False,False,57.65,66.76,65.21,64.68,62.72,0.62,1.32,-1.07,1.51,Real_Estate,Real Estate Investment Trusts,1993.0,United States,large,2.26
REGN,783.13,753.63,False,False,False,False,False,True,67.82,757.45,730.87,735.37,676.33,1.45,0.9,4.25,19.78,Health_Care,Biotechnology: Pharmaceutical Preparations,1991.0,United States,large,2.53
RF,24.0,23.52,False,True,False,False,True,False,69.87,23.69,22.74,22.21,21.33,5.92,6.74,0.21,0.54,Finance,Major Banks,0.0,United States,large,2.25
RJF,111.87,112.12,True,False,False,True,False,False,49.01,111.46,112.93,112.28,104.49,1.5,1.52,2.79,3.32,Finance,Investment Bankers/Brokers/Service,0.0,United States,large,2.97
RMD,224.6,226.87,False,False,True,False,False,False,51.89,226.26,223.22,220.11,219.04,0.54,0.68,-0.89,5.48,Health_Care,Medical/Dental Instruments,0.0,United States,large,2.44
ROK,289.96,284.28,True,True,False,False,False,False,63.62,284.9,277.63,267.63,239.22,0.52,0.85,-0.41,8.4,Industrials,Industrial Machinery/Components,0.0,United States,large,2.9
ROL,35.68,36.1,False,False,False,False,False,False,38.19,36.04,36.47,37.53,36.52,1.45,1.36,-1.19,0.67,Consumer_Discretionary,Industrial Specialties,0.0,United States,large,1.88
ROP,430.34,433.39,False,False,False,False,False,False,45.17,429.41,439.83,436.11,416.94,0.77,0.83,-0.51,9.04,Industrials,Office Equipment/Supplies/Services,1992.0,United States,large,2.1
ROST,115.32,117.46,False,False,True,True,False,True,44.08,117.42,118.4,117.01,94.57,3.57,2.65,-0.66,2.14,Consumer_Discretionary,Clothing/Shoe/Accessory Stores,1985.0,United States,large,1.86
RSG,123.08,123.71,False,False,True,False,False,False,40.48,123.87,124.4,129.99,133.76,1.46,1.69,0.44,2.45,Utilities,Environmental Services,1998.0,United States,large,1.99
RTX,96.48,98.0,False,False,True,True,False,False,43.02,98.08,98.6,98.86,93.66,3.84,4.75,-0.5,2.63,Industrials,Military/Government/Technical,0.0,United States,large,2.73
SBAC,297.77,297.6,False,False,False,False,False,False,53.31,298.95,295.42,291.56,308.27,0.63,0.69,-3.35,9.05,Real_Estate,Real Estate Investment Trusts,1999.0,United States,large,3.04
SBUX,104.3,107.55,False,False,False,False,False,True,46.22,108.2,106.71,103.16,87.98,15.16,8.71,-4.44,2.19,Consumer_Discretionary,Beverages - Non-Alcoholic,1992.0,United States,large,2.1
SCHW,79.02,77.84,False,False,False,False,False,False,49.1,77.36,80.12,80.48,72.43,9.52,11.96,3.13,2.59,Finance,Investment Bankers/Brokers/Service,0.0,United States,large,3.28
SEDG,316.0,315.33,False,False,False,False,False,False,54.76,318.46,304.59,305.13,278.91,0.66,0.9,-3.54,16.18,Technology,Semiconductors,2015.0,Israel,large,5.12
SHW,241.73,240.03,False,False,False,False,False,False,51.16,239.55,239.65,243.5,240.31,1.69,1.95,-1.48,7.61,Consumer_Discretionary,Paints/Coatings,0.0,United States,large,3.15
SIVB,323.21,308.59,False,False,False,False,False,False,70.22,313.3,278.18,244.87,353.47,0.9,1.12,-3.09,16.45,Finance,Major Banks,0.0,United States,large,5.09
SJM,149.97,150.87,False,False,True,True,False,False,41.04,151.26,153.21,154.39,141.23,0.9,1.53,0.08,2.79,Consumer_Staples,Packaged Foods,0.0,United States,large,1.86
SLB,52.64,54.9,False,False,True,False,False,False,41.06,54.79,56.08,53.29,44.1,10.57,10.03,0.67,2.31,Energy,Oilfield Services/Equipment,0.0,France,large,4.39
SNA,259.66,250.45,True,True,False,False,True,False,72.13,251.85,243.92,238.02,221.52,0.27,0.42,0.66,5.21,Consumer_Discretionary,Diversified Manufacture,0.0,United States,large,2.01
SNPS,361.44,357.87,False,False,False,False,False,False,63.94,360.14,342.85,334.48,320.66,0.76,0.82,-1.94,9.04,Technology,EDP Services,1992.0,United States,large,2.5
SO,67.27,67.93,False,False,True,False,False,False,42.3,67.97,68.78,69.12,71.49,3.75,4.66,-1.97,1.96,Utilities,Power Generation,0.0,United States,large,2.91
SPG,129.81,128.31,False,False,False,False,False,False,62.61,128.99,124.37,120.66,109.79,1.34,2.02,-1.5,2.88,Real_Estate,Real Estate Investment Trusts,0.0,United States,large,2.22
SPGI,372.91,373.33,False,False,False,False,False,False,58.03,374.87,365.12,353.76,346.32,1.52,1.42,-2.68,8.84,Finance,Advertising,0.0,United States,large,2.37
SRE,155.9,159.29,False,False,False,True,False,False,42.67,159.7,158.83,159.87,158.39,1.16,1.47,-3.25,3.47,Utilities,Oil/Gas Transmission,0.0,United States,large,2.23
STE,219.03,211.77,False,True,False,False,False,False,71.54,212.82,203.12,192.91,198.79,0.46,0.55,-0.83,5.25,Health_Care,Industrial Specialties,0.0,United States,large,2.4
STLD,128.18,121.53,False,True,False,False,True,False,77.15,123.82,112.43,107.6,87.0,2.22,1.9,1.85,4.5,Industrials,Steel/Iron Ore,1996.0,United States,large,3.51
STT,91.08,90.27,False,False,False,False,False,False,70.52,91.44,85.64,81.11,71.87,3.33,3.47,-1.4,2.66,Finance,Investment Managers,0.0,United States,large,2.92
STX,70.89,68.37,False,False,False,False,False,False,72.9,69.66,61.94,56.6,66.95,1.67,3.33,-2.05,2.58,Technology,Electronic Components,2002.0,Ireland,large,3.64
STZ,230.82,229.81,False,False,True,True,False,False,53.04,230.95,223.93,234.74,240.06,1.06,1.31,-0.7,4.51,Consumer_Staples,Beverages (Production/Distribution),0.0,United States,large,1.95
SWK,93.82,90.35,False,True,False,False,False,False,65.24,90.99,86.67,81.72,94.92,1.76,2.69,-2.16,3.37,Consumer_Discretionary,Diversified Manufacture,0.0,United States,large,3.59
SWKS,112.48,110.69,False,False,False,False,False,False,67.59,111.45,104.73,97.71,98.93,2.32,2.22,-0.79,3.26,Technology,Semiconductors,0.0,United States,large,2.9
SYF,37.05,36.42,True,True,False,False,False,False,58.6,36.61,34.72,34.54,33.63,5.6,7.26,-1.96,1.69,Finance,Diversified Financial Services,2014.0,United States,large,4.56
SYK,283.14,268.5,True,True,False,False,True,False,73.53,269.58,259.26,248.68,225.36,1.41,2.21,0.23,6.74,Health_Care,Medical/Dental Instruments,0.0,United States,large,2.38
SYY,76.72,77.62,False,False,True,False,False,False,40.69,77.47,78.45,80.18,81.98,3.3,5.08,-0.53,1.75,Consumer_Discretionary,Food Distributors,0.0,United States,large,2.28
T,19.83,19.99,False,False,True,True,False,False,54.92,20.16,19.6,19.12,18.76,30.5,35.89,-2.22,0.79,Consumer_Discretionary,Telecommunications Equipment,0.0,United States,large,3.98
TAP,53.62,52.73,True,True,False,False,False,False,59.33,52.98,51.24,52.19,52.87,1.67,1.65,-1.03,1.2,Consumer_Staples,Beverages (Production/Distribution),0.0,Canada,large,2.24
TDG,713.5,709.31,False,False,False,True,False,False,66.72,715.7,685.59,647.93,599.04,0.26,0.33,0.23,14.52,Industrials,Military/Government/Technical,2006.0,United States,large,2.04
TDY,433.58,426.32,False,False,False,False,False,False,64.36,428.08,415.79,411.46,392.99,0.18,0.21,-0.1,8.72,Industrials,Industrial Machinery/Components,0.0,United States,large,2.01
TECH,79.16,80.27,False,False,False,False,False,False,43.59,79.93,81.5,82.43,84.72,1.25,1.51,-2.09,2.76,Health_Care,Biotechnology: Biological Products (No Diagnostic Substances),0.0,United States,large,3.49
TEL,133.89,129.35,True,True,False,False,False,True,73.42,130.34,124.68,122.19,122.37,2.62,2.16,-0.79,2.68,Technology,Electronic Components,0.0,Switzerland,large,2.0
TER,107.99,105.35,False,False,False,False,False,False,65.54,105.88,99.36,94.1,93.07,1.61,2.16,-3.18,3.9,Industrials,Electrical Products,0.0,United States,large,3.61
TFC,50.09,49.34,False,True,False,False,False,False,69.02,49.59,47.78,45.27,46.74,5.58,6.29,-0.6,1.26,Finance,Major Banks,0.0,United States,large,2.52
TFX,258.47,249.93,False,True,False,False,False,False,63.18,251.07,245.23,243.65,244.2,0.46,0.31,-1.43,6.88,Health_Care,Medical/Dental Instruments,0.0,United States,large,2.66
TGT,176.76,172.88,False,False,False,False,False,False,68.95,175.14,164.66,157.92,165.23,2.62,3.56,-2.35,5.34,Consumer_Discretionary,Department/Specialty Retail Stores,0.0,United States,large,3.02
TJX,80.52,81.22,False,False,True,True,False,False,49.32,81.34,81.31,80.12,67.72,8.95,6.54,0.16,1.4,Consumer_Discretionary,Department/Specialty Retail Stores,0.0,United States,large,1.74
TMUS,145.19,147.32,False,False,True,True,False,False,47.16,147.88,147.43,145.73,139.58,5.52,6.37,-1.2,2.84,Telecommunications,Telecommunications Equipment,0.0,United States,large,1.96
TPR,46.11,45.3,False,False,False,False,False,False,73.71,45.76,43.57,39.99,34.54,2.52,3.42,-0.56,1.18,Consumer_Discretionary,Apparel,0.0,United States,large,2.56
TRGP,73.41,74.53,False,False,False,False,False,False,47.39,74.32,74.61,73.05,69.17,1.06,1.32,-1.82,1.89,Utilities,Natural Gas Distribution,2010.0,United States,large,2.57
TRMB,60.3,58.9,False,False,False,False,False,False,66.32,59.47,55.73,54.96,60.24,0.65,0.93,-2.28,1.5,Industrials,Industrial Machinery/Components,1990.0,United States,large,2.49
TROW,125.82,120.9,False,True,False,False,False,False,61.82,120.91,117.46,117.34,117.86,1.73,2.37,-2.28,4.56,Finance,Investment Managers,1986.0,United States,large,3.62
TRV,182.76,186.09,False,False,True,False,False,False,42.8,185.75,188.44,187.86,173.24,1.25,1.74,0.56,4.7,Finance,Property-Casualty Insurers,0.0,United States,large,2.57
TSCO,228.56,226.02,False,False,False,False,False,False,58.94,228.05,220.64,219.82,203.86,0.94,1.15,-1.01,6.39,Consumer_Discretionary,Other Specialty Stores,1994.0,United States,large,2.8
TSN,64.03,64.92,False,False,False,False,False,True,46.57,64.83,65.11,64.34,75.47,3.33,2.97,-1.69,1.67,Consumer_Staples,Meat/Poultry/Fish,0.0,United States,large,2.61
TT,186.3,180.26,True,True,False,False,True,False,65.27,181.0,177.12,175.15,153.99,1.56,1.73,0.35,5.46,Industrials,Auto Parts:O.E.M.,0.0,Ireland,large,2.93
TTWO,109.28,111.51,False,False,False,False,False,False,52.38,112.43,108.26,104.76,117.12,3.25,2.42,-4.74,2.94,Technology,Computer Software: Prepackaged Software,1997.0,United States,large,2.69
TXN,182.29,179.35,False,False,False,False,False,False,60.35,179.89,176.44,173.71,167.93,5.73,7.23,-1.32,4.68,Technology,Semiconductors,0.0,United States,large,2.57
TXT,74.44,73.06,True,True,False,False,False,False,60.62,73.63,70.91,70.95,65.99,1.21,1.83,-1.7,1.87,Industrials,Aerospace,0.0,United States,large,2.51
TYL,332.57,329.43,False,False,False,False,False,False,55.3,330.89,319.59,323.01,346.84,0.31,0.28,-3.68,12.28,Technology,Computer Software: Prepackaged Software,0.0,United States,large,3.69
UAL,51.12,50.15,False,True,False,False,False,False,63.99,50.16,48.52,44.26,41.13,6.81,7.45,-2.27,1.96,Consumer_Discretionary,Air Freight/Delivery Services,0.0,United States,large,3.83
UDR,43.38,42.47,False,False,False,False,False,False,65.06,42.91,40.62,40.05,43.92,1.82,2.99,-2.32,1.04,Real_Estate,Real Estate Investment Trusts,0.0,United States,large,2.4
UHS,148.41,148.43,False,False,False,False,False,False,57.47,148.98,147.6,139.65,117.23,0.51,0.56,-1.34,3.84,Health_Care,Hospital/Nursing Management,0.0,United States,large,2.59
ULTA,520.76,513.57,False,False,False,False,False,False,73.27,517.42,500.15,478.07,420.89,0.34,0.47,-0.01,8.44,N-A,N-A,2007.0,United States,large,1.62
UNP,210.29,207.5,False,True,False,False,False,False,53.09,207.2,208.2,210.05,215.07,2.11,2.84,-1.46,6.23,Industrials,Railroads,0.0,United States,large,2.96
UPS,191.66,185.42,False,True,False,False,True,False,64.73,186.03,180.97,180.3,180.82,2.68,4.63,0.19,5.75,Consumer_Discretionary,Air Freight/Delivery Services,1999.0,United States,large,3.0
URI,455.07,437.53,False,False,False,False,False,False,78.78,447.23,403.75,375.74,313.91,0.64,0.91,-0.25,12.89,Consumer_Discretionary,Diversified Commercial Services,1997.0,United States,large,2.83
USB,49.3,48.86,False,False,True,True,False,False,64.26,49.25,47.62,45.35,46.08,6.41,6.9,0.31,1.12,Finance,Major Banks,0.0,United States,large,2.27
VFC,30.62,30.67,False,False,False,False,False,False,54.48,30.89,30.21,29.56,38.7,4.65,6.4,-1.67,1.14,Consumer_Discretionary,Apparel,0.0,United States,large,3.72
VICI,34.51,34.2,False,False,False,False,False,False,61.45,34.32,33.45,33.33,31.94,4.96,5.23,-0.12,0.96,Real_Estate,Real Estate Investment Trusts,2018.0,N-A,large,2.78
VLO,131.73,137.22,False,False,False,False,False,False,45.06,136.25,137.14,130.14,120.84,3.02,3.95,-0.99,6.3,Energy,Integrated oil Companies,0.0,United States,large,4.78
VMC,183.52,182.55,False,False,False,False,False,False,55.93,183.33,180.36,179.83,167.07,0.51,0.71,-2.13,4.05,N-A,N-A,0.0,United States,large,2.21
VRSK,180.11,182.32,False,False,False,False,False,False,48.37,182.5,182.1,180.46,180.9,1.49,1.19,-3.69,4.21,Consumer_Discretionary,Business Services,2009.0,United States,large,2.34
VRSN,217.73,218.21,False,False,False,False,False,False,59.58,219.01,213.85,206.27,187.82,0.48,0.43,-2.09,3.98,Technology,EDP Services,1998.0,United States,large,1.83
VRTX,301.02,311.18,False,False,True,True,False,False,44.05,313.03,306.07,305.56,289.35,1.62,1.68,-0.91,6.96,Health_Care,Biotechnology: Pharmaceutical Preparations,1991.0,United States,large,2.31
VTR,52.6,51.72,False,False,False,False,False,False,71.1,52.07,49.94,47.31,48.39,1.57,1.92,-0.75,1.08,Real_Estate,Real Estate Investment Trusts,0.0,United States,large,2.05
VTRS,12.18,12.03,False,False,False,False,False,False,63.73,12.15,11.83,11.39,10.55,6.84,10.09,-0.08,0.29,Health_Care, Medicinal Chemicals and Botanical Products ,0.0,United States,large,2.38
VZ,41.51,41.25,False,False,False,False,False,False,59.96,41.53,41.04,39.43,43.32,18.31,19.45,-0.77,1.38,Telecommunications,Telecommunications Equipment,0.0,United States,large,3.32
WAB,105.53,104.33,True,True,False,False,True,False,61.34,104.43,102.94,101.71,92.38,1.4,1.36,0.07,2.1,Industrials,Railroads,0.0,United States,large,1.99
WAT,341.39,336.85,False,False,False,False,False,False,53.94,335.31,334.77,338.72,320.64,0.2,0.31,-0.83,9.29,Health_Care,Medical Specialities,1995.0,United States,large,2.72
WBA,37.09,36.96,False,False,False,False,False,False,49.88,37.07,36.5,38.46,38.56,5.68,7.56,-1.64,0.81,Consumer_Staples,Retail-Drug Stores and Proprietary Stores,0.0,United States,large,2.18
WBD,15.42,14.93,False,False,False,False,False,False,69.87,15.18,13.51,11.68,13.7,20.61,23.18,-3.14,0.67,Telecommunications,Cable & Other Pay Television Services,0.0,United States,large,4.35
WDC,43.25,43.13,False,False,False,False,False,False,64.73,43.87,40.23,36.54,43.2,5.26,7.85,-2.98,1.6,Technology,Electronic Components,0.0,United States,large,3.7
WEC,93.56,93.83,False,False,False,False,False,False,47.18,94.0,94.18,95.27,97.88,1.64,1.54,-1.43,1.98,Utilities,Power Generation,0.0,United States,large,2.12
WELL,75.82,74.96,False,False,False,False,False,False,67.11,75.31,72.73,69.39,75.36,1.56,2.14,-0.59,1.52,Real_Estate,Real Estate Investment Trusts,0.0,United States,large,2.0
WFC,47.58,46.54,False,False,False,False,False,False,72.96,47.06,44.58,43.86,43.51,17.31,20.1,0.74,1.37,Finance,Major Banks,0.0,United States,large,2.88
WM,151.06,152.43,False,True,True,False,False,False,40.34,152.73,153.57,158.93,160.1,1.88,2.47,0.48,3.23,Utilities,Environmental Services,0.0,United States,large,2.14
WMB,32.08,31.89,True,False,False,False,False,False,49.34,31.88,32.01,32.8,33.0,7.24,8.71,-0.4,0.85,Utilities,Natural Gas Distribution,0.0,United States,large,2.65
WRB,66.87,68.8,False,False,True,True,False,False,31.56,68.49,70.95,72.59,68.88,2.09,2.03,0.42,1.71,Finance,Property-Casualty Insurers,0.0,United States,large,2.56
WST,272.88,269.38,False,False,False,False,False,False,62.11,270.75,257.16,244.33,278.51,0.45,0.6,-3.19,8.35,Health_Care,Medical/Dental Instruments,0.0,United States,large,3.06
WTW,252.39,252.91,False,False,False,False,False,True,54.14,252.88,252.93,247.65,219.26,0.49,0.45,-0.93,4.09,Finance,Specialty Insurers,2001.0,United Kingdom,large,1.62
WY,35.27,34.41,False,False,False,False,False,False,67.5,34.84,32.65,32.06,33.87,3.69,4.68,-1.23,0.84,Real_Estate,Real Estate Investment Trusts,0.0,United States,large,2.38
WYNN,102.96,102.13,False,False,False,False,False,False,64.89,102.65,99.21,89.84,70.25,2.14,2.54,0.0,2.98,Consumer_Discretionary,Hotels/Resorts,2002.0,United States,large,2.89
XEL,67.98,68.82,False,False,False,False,False,False,42.05,68.8,69.67,69.89,70.38,2.94,3.0,-2.27,1.39,Utilities,Power Generation,0.0,United States,large,2.04
XYL,105.25,104.81,True,True,False,False,False,False,45.39,104.24,108.2,110.03,95.02,1.31,1.97,-0.64,3.16,Industrials,Fluid Controls,2011.0,United States,large,3.0
YUM,127.01,128.41,False,False,True,True,False,False,44.73,128.76,128.71,128.7,118.92,1.47,1.61,-0.94,1.99,Consumer_Discretionary,Restaurants,0.0,United States,large,1.57
ZBH,129.45,127.09,False,False,False,False,False,False,66.67,127.57,125.28,124.71,115.22,2.77,2.41,1.6,2.58,Health_Care,Industrial Specialties,0.0,United States,large,1.99
ZBRA,330.81,322.78,False,False,False,False,False,False,65.9,325.87,302.72,276.77,298.14,0.5,0.45,-4.03,11.55,Technology,Computer peripheral equipment,1991.0,United States,large,3.49
ZTS,167.8,166.85,False,False,False,False,False,False,63.56,167.36,161.28,154.4,160.7,1.95,2.42,-1.87,5.23,Health_Care,Biotechnology: Pharmaceutical Preparations,2013.0,United States,large,3.12
AAP,152.17,151.97,False,False,False,False,False,False,53.4,153.28,150.54,148.24,175.22,0.58,1.03,-1.98,3.88,Consumer_Discretionary,Auto & Home Supply Stores,0.0,United States,medium,2.55
AIZ,133.63,131.87,False,False,False,False,True,False,63.37,132.52,129.08,127.76,154.02,0.3,0.41,0.04,2.85,Finance,Specialty Insurers,2004.0,United States,medium,2.13
ALK,53.47,51.86,True,True,False,False,False,False,72.42,52.08,49.63,46.76,45.37,1.42,1.44,-0.21,1.66,Consumer_Discretionary,Air Freight/Delivery Services,0.0,United States,medium,3.1
ALLE,122.93,118.2,False,False,False,False,True,False,74.58,119.34,113.87,111.1,104.73,0.67,0.71,0.98,2.63,Consumer_Discretionary,Diversified Commercial Services,2013.0,United States,medium,2.14
AOS,69.05,65.91,False,False,False,False,False,False,67.46,67.33,62.03,60.13,57.83,0.95,2.55,-1.92,2.29,Consumer_Discretionary,Consumer Electronics/Appliances,0.0,United States,medium,3.32
CMA,75.39,73.34,False,False,False,False,True,False,68.61,73.87,70.25,68.46,74.79,1.2,1.26,0.68,2.03,Finance,Major Banks,0.0,United States,medium,2.69
CTLT,56.05,53.99,False,False,False,False,False,False,67.73,54.71,50.7,47.79,79.91,3.01,2.54,-1.04,2.13,Health_Care,Biotechnology: Pharmaceutical Preparations,2014.0,United States,medium,3.8
DISH,15.08,14.79,False,False,False,False,False,False,54.06,14.79,14.65,14.76,17.58,2.97,4.0,-3.33,0.67,Consumer_Discretionary,Telecommunications Equipment,1995.0,United States,medium,4.44
DVA,85.48,83.01,False,True,False,False,False,False,70.22,83.88,80.4,76.5,86.01,0.45,0.63,-0.4,2.0,Health_Care,Medical/Nursing Services,0.0,United States,medium,2.34
DXC,28.89,28.77,False,True,False,False,False,False,54.68,28.83,28.53,27.95,28.59,2.17,2.34,-2.37,0.78,Technology,EDP Services,0.0,N-A,medium,2.7
FFIV,152.4,150.1,False,False,False,False,False,False,58.11,150.56,146.42,147.47,155.07,0.54,0.71,-2.74,4.44,Technology,EDP Services,1999.0,United States,medium,2.91
FRT,113.04,111.7,False,False,False,False,False,False,62.25,112.13,108.74,107.01,104.34,0.63,1.07,-0.91,2.59,Real_Estate,Real Estate Investment Trusts,0.0,United States,medium,2.29
GNRC,122.44,120.85,False,False,False,False,False,False,59.23,122.74,113.35,104.13,181.15,1.66,1.67,-6.51,6.03,Consumer_Discretionary,Metal Fabrications,2010.0,United States,medium,4.92
HAS,61.73,61.59,False,True,False,False,False,False,49.07,60.67,63.2,61.49,73.97,1.16,3.56,-2.4,2.0,Consumer_Discretionary,Recreational Games/Products/Toys,0.0,United States,medium,3.24
HII,216.97,218.22,False,False,True,False,False,False,39.96,218.05,220.9,227.0,224.34,0.36,0.36,-0.34,5.05,Industrials,Metal Fabrications,0.0,United States,medium,2.33
IVZ,20.04,19.18,False,True,False,False,False,False,62.11,19.15,19.0,18.82,17.52,6.23,7.24,-0.84,0.73,Finance,Investment Managers,0.0,United States,medium,3.64
LNC,35.27,34.41,False,True,False,False,False,False,59.79,34.95,32.53,33.08,45.43,3.35,4.37,-2.3,1.29,Finance,Life Insurance,0.0,United States,medium,3.66
LUMN,5.26,5.33,False,False,False,False,False,True,46.78,5.32,5.41,5.43,8.61,43.02,29.67,-6.24,0.31,Telecommunications,Telecommunications Equipment,0.0,United States,medium,5.89
MHK,125.26,121.6,False,False,False,False,False,False,66.7,122.45,117.12,107.32,115.15,0.43,0.64,-1.96,4.11,Consumer_Discretionary,Home Furnishings,0.0,United States,medium,3.28
NCLH,16.57,15.92,False,True,False,False,False,False,62.86,15.97,15.12,14.85,14.59,11.92,14.35,-3.16,0.89,Consumer_Discretionary,Marine Transportation,0.0,United States,medium,5.37
NRG,34.43,34.02,False,False,False,False,False,False,57.29,34.35,32.89,34.26,39.33,2.87,4.27,-1.49,0.88,Utilities,Electric Utilities: Central,0.0,United States,medium,2.56
NWL,16.12,15.98,False,False,False,False,False,False,65.67,16.09,15.39,14.08,17.29,3.15,4.39,-2.13,0.48,Industrials,Plastic Products,0.0,United States,medium,2.98
OGN,29.76,30.26,False,False,False,False,False,False,48.99,30.04,30.62,28.52,29.97,0.99,2.04,-2.14,0.71,Health_Care,Biotechnology: Pharmaceutical Preparations,2021.0,N-A,medium,2.39
PNR,59.37,55.58,False,True,False,False,False,False,77.88,56.66,51.11,47.64,46.69,2.22,3.46,-1.4,1.72,Industrials,Fluid Controls,0.0,Switzerland,medium,2.9
PNW,75.88,75.55,False,False,False,False,False,False,52.53,75.74,75.04,76.39,73.19,1.06,1.31,-2.39,1.5,Utilities,Electric Utilities: Central,0.0,United States,medium,1.98
RHI,87.06,84.46,True,True,False,False,False,False,67.91,85.56,79.52,76.72,80.84,1.07,1.14,-1.86,2.51,Consumer_Discretionary,Diversified Commercial Services,0.0,United States,medium,2.88
RL,125.89,124.8,False,False,False,False,False,False,64.54,125.25,120.97,113.55,100.26,0.88,1.02,-0.8,3.5,Consumer_Discretionary,Apparel,1997.0,United States,medium,2.78
SBNY,138.93,132.84,False,False,False,False,False,False,64.14,133.8,123.86,123.01,168.53,1.32,1.52,-2.96,7.37,Finance,Major Banks,2004.0,United States,medium,5.3
SEE,55.02,54.44,False,True,False,False,False,False,59.1,54.75,53.59,52.3,54.58,1.12,0.97,-2.13,1.35,Industrials,Containers/Packaging,0.0,United States,medium,2.45
WHR,154.97,154.92,False,False,False,False,False,False,56.28,155.91,153.01,147.72,156.79,0.52,1.12,-2.5,4.69,Consumer_Discretionary,Consumer Electronics/Appliances,0.0,United States,medium,3.03
WRK,34.89,36.24,False,True,False,False,False,False,43.1,36.25,36.76,36.43,39.53,2.39,4.77,-1.64,1.32,N-A,N-A,2015.0,N-A,medium,3.78
XRAY,38.44,37.66,False,True,False,False,False,False,65.06,37.79,36.21,33.28,34.22,1.49,1.77,-3.08,1.07,Health_Care,Medical/Dental Instruments,1987.0,United States,medium,2.78
ZION,54.41,53.23,True,True,False,False,True,False,64.19,53.5,51.74,50.06,52.97,0.89,1.11,0.22,1.54,Finance,Major Banks,0.0,United States,medium,2.83
